pause_ms,writers,step,event,millis_or_lag
0,0,0,lag_ms,2
0,0,1,lag_ms,0
0,0,2,lag_ms,0
0,0,3,lag_ms,1
0,0,4,lag_ms,1
0,0,5,lag_ms,0
0,0,6,lag_ms,1
0,0,7,lag_ms,4
0,0,8,lag_ms,2
0,0,9,lag_ms,0
0,0,10,lag_ms,0
0,0,11,lag_ms,0
0,0,12,lag_ms,0
0,0,13,lag_ms,0
0,0,14,lag_ms,0
0,0,15,lag_ms,1
0,0,16,lag_ms,0
0,0,17,lag_ms,0
0,0,18,lag_ms,0
0,0,19,lag_ms,0
0,0,20,lag_ms,0
0,0,21,lag_ms,0
0,0,22,lag_ms,0
0,0,23,lag_ms,0
0,0,24,lag_ms,0
0,0,25,lag_ms,0
0,0,26,lag_ms,0
0,0,27,lag_ms,0
0,0,28,lag_ms,0
0,0,29,lag_ms,0
0,0,30,lag_ms,0
0,0,31,lag_ms,2
0,0,32,lag_ms,0
0,0,33,lag_ms,1
0,0,34,lag_ms,1
0,0,35,lag_ms,0
0,0,36,lag_ms,0
0,0,37,lag_ms,0
0,0,38,lag_ms,0
0,0,39,lag_ms,0
0,0,40,lag_ms,2
0,0,41,lag_ms,0
0,0,42,lag_ms,0
0,0,43,lag_ms,0
0,0,44,lag_ms,0
0,0,45,lag_ms,0
0,0,46,lag_ms,0
0,0,47,lag_ms,0
0,0,48,lag_ms,0
0,0,49,lag_ms,0
0,0,50,lag_ms,0
0,0,51,lag_ms,0
0,0,52,lag_ms,0
0,0,53,lag_ms,0
0,0,54,lag_ms,0
0,0,55,lag_ms,0
0,0,56,lag_ms,0
0,0,57,lag_ms,0
0,0,58,lag_ms,0
0,0,59,lag_ms,0
0,0,60,lag_ms,0
0,0,61,lag_ms,0
0,0,62,lag_ms,0
0,0,63,lag_ms,0
0,0,64,lag_ms,0
0,0,65,lag_ms,0
0,0,66,lag_ms,0
0,0,67,lag_ms,0
0,0,68,lag_ms,0
0,0,69,lag_ms,0
0,0,70,lag_ms,0
0,0,71,lag_ms,0
0,0,72,lag_ms,0
0,0,73,lag_ms,0
0,0,74,lag_ms,2
0,0,75,lag_ms,4
0,0,76,lag_ms,4
0,0,77,lag_ms,3
0,0,78,lag_ms,0
0,0,79,lag_ms,0
0,0,80,lag_ms,0
0,0,81,lag_ms,0
0,0,82,lag_ms,0
0,0,83,lag_ms,3
0,0,84,lag_ms,0
0,0,85,lag_ms,0
0,0,86,lag_ms,0
0,0,87,lag_ms,0
0,0,88,lag_ms,1
0,0,89,lag_ms,0
0,0,90,lag_ms,0
0,0,91,lag_ms,0
0,0,92,lag_ms,0
0,0,93,lag_ms,0
0,0,94,lag_ms,0
0,0,95,lag_ms,0
0,0,96,lag_ms,0
0,0,97,lag_ms,0
0,0,98,lag_ms,1
0,0,99,lag_ms,0
0,0,100,lag_ms,0
0,0,101,lag_ms,0
0,0,102,lag_ms,0
0,0,103,lag_ms,0
0,0,104,lag_ms,0
0,0,105,lag_ms,0
0,0,106,lag_ms,0
0,0,107,lag_ms,0
0,0,108,lag_ms,0
0,0,109,lag_ms,0
0,0,110,lag_ms,0
0,0,111,lag_ms,0
0,0,112,lag_ms,0
0,0,113,lag_ms,3
0,0,114,lag_ms,0
0,0,115,lag_ms,4
0,0,116,lag_ms,4
0,0,117,lag_ms,1
0,0,118,lag_ms,0
0,0,119,lag_ms,0
0,0,120,lag_ms,1
0,0,121,lag_ms,0
0,0,122,lag_ms,2
0,0,123,lag_ms,3
0,0,124,lag_ms,0
0,0,125,lag_ms,0
0,0,126,lag_ms,0
0,0,127,lag_ms,0
0,0,128,lag_ms,0
0,0,129,lag_ms,0
0,0,130,lag_ms,0
0,0,131,lag_ms,0
0,0,132,lag_ms,0
0,0,133,lag_ms,0
0,0,134,lag_ms,0
0,0,135,lag_ms,0
0,0,136,lag_ms,0
0,0,137,lag_ms,0
0,0,138,lag_ms,0
0,0,139,lag_ms,0
0,0,140,lag_ms,0
0,0,141,lag_ms,2
0,0,142,lag_ms,0
0,0,143,lag_ms,0
0,0,144,lag_ms,0
0,0,145,lag_ms,0
0,0,146,lag_ms,2
0,0,147,lag_ms,0
0,0,148,lag_ms,2
0,0,149,lag_ms,2
0,0,150,lag_ms,0
0,0,151,lag_ms,0
0,0,152,lag_ms,0
0,0,153,lag_ms,0
0,0,154,lag_ms,0
0,0,155,lag_ms,0
0,0,156,lag_ms,2
0,0,157,lag_ms,0
0,0,158,lag_ms,2
0,0,159,lag_ms,6
0,0,160,lag_ms,5
0,0,161,lag_ms,5
0,0,162,lag_ms,0
0,0,163,lag_ms,0
0,0,164,lag_ms,2
0,0,165,lag_ms,0
0,0,166,lag_ms,0
0,0,167,lag_ms,0
0,0,168,lag_ms,0
0,0,169,lag_ms,0
0,0,170,lag_ms,0
0,0,171,lag_ms,2
0,0,172,lag_ms,0
0,0,173,lag_ms,0
0,0,174,lag_ms,0
0,0,175,lag_ms,0
0,0,176,lag_ms,2
0,0,177,lag_ms,3
0,0,178,lag_ms,1
0,0,179,lag_ms,1
0,0,180,lag_ms,4
0,0,181,lag_ms,0
0,0,182,lag_ms,0
0,0,183,lag_ms,0
0,0,184,lag_ms,2
0,0,185,lag_ms,0
0,0,186,lag_ms,2
0,0,187,lag_ms,2
0,0,188,lag_ms,1
0,0,189,lag_ms,0
0,0,190,lag_ms,3
0,0,191,lag_ms,0
0,0,192,lag_ms,0
0,0,193,lag_ms,0
0,0,194,lag_ms,3
0,0,195,lag_ms,0
0,0,196,lag_ms,0
0,0,197,lag_ms,0
0,0,198,lag_ms,2
0,0,199,lag_ms,6
0,0,200,lag_ms,5
0,0,201,lag_ms,4
0,0,202,lag_ms,4
0,0,203,lag_ms,0
0,0,204,lag_ms,0
0,0,205,lag_ms,0
0,0,206,lag_ms,0
0,0,207,lag_ms,1
0,0,208,lag_ms,2
0,0,209,lag_ms,4
0,0,210,lag_ms,0
0,0,211,lag_ms,2
0,0,212,lag_ms,3
0,0,213,lag_ms,2
0,0,214,lag_ms,3
0,0,215,lag_ms,0
0,0,216,lag_ms,3
0,0,217,lag_ms,0
0,0,218,lag_ms,0
0,0,219,lag_ms,1
0,0,220,lag_ms,0
0,0,221,lag_ms,0
0,0,222,lag_ms,0
0,0,223,lag_ms,0
0,0,224,lag_ms,0
0,0,225,lag_ms,0
0,0,226,lag_ms,0
0,0,227,lag_ms,0
0,0,228,lag_ms,0
0,0,229,lag_ms,0
0,0,230,lag_ms,0
0,0,231,lag_ms,0
0,0,232,lag_ms,0
0,0,233,lag_ms,2
0,0,234,lag_ms,0
0,0,235,lag_ms,2
0,0,236,lag_ms,0
0,0,237,lag_ms,0
0,0,238,lag_ms,2
0,0,239,lag_ms,0
0,0,240,lag_ms,3
0,0,241,lag_ms,0
0,0,242,lag_ms,0
0,0,243,lag_ms,0
0,0,244,lag_ms,0
0,0,245,lag_ms,2
0,0,246,lag_ms,3
0,0,247,lag_ms,4
0,0,248,lag_ms,0
0,0,249,lag_ms,4
0,0,250,lag_ms,0
0,0,251,lag_ms,0
0,0,252,lag_ms,1
0,0,253,lag_ms,0
0,0,254,lag_ms,0
0,0,255,lag_ms,0
0,0,256,lag_ms,0
0,0,257,lag_ms,0
0,0,258,lag_ms,0
0,0,259,lag_ms,0
0,0,260,lag_ms,0
0,0,261,lag_ms,0
0,0,262,lag_ms,0
0,0,263,lag_ms,0
0,0,264,lag_ms,0
0,0,265,lag_ms,1
0,0,266,lag_ms,0
0,0,267,lag_ms,0
0,0,268,lag_ms,0
0,0,269,lag_ms,0
0,0,270,lag_ms,0
0,0,271,lag_ms,0
0,0,272,lag_ms,0
0,0,273,lag_ms,0
0,0,274,lag_ms,0
0,0,275,lag_ms,0
0,0,276,lag_ms,0
0,0,277,lag_ms,1
0,0,278,lag_ms,0
0,0,279,lag_ms,0
0,0,280,lag_ms,0
0,0,281,lag_ms,0
0,0,282,lag_ms,0
0,0,283,lag_ms,0
0,0,284,lag_ms,2
0,0,285,lag_ms,0
0,0,286,lag_ms,0
0,0,287,lag_ms,2
0,0,288,lag_ms,5
0,0,289,lag_ms,4
0,0,290,lag_ms,0
0,0,291,lag_ms,1
0,0,292,lag_ms,0
0,0,293,lag_ms,0
0,0,294,lag_ms,0
0,0,295,lag_ms,1
0,0,296,lag_ms,0
0,0,297,lag_ms,2
0,0,298,lag_ms,0
0,0,299,lag_ms,0
0,0,300,lag_ms,0
0,0,301,lag_ms,0
0,0,302,lag_ms,1
0,0,303,lag_ms,0
0,0,304,lag_ms,1
0,0,305,lag_ms,1
0,0,306,lag_ms,1
0,0,307,lag_ms,1
0,0,308,lag_ms,0
0,0,309,lag_ms,0
0,0,310,lag_ms,1
0,0,311,lag_ms,1
0,0,312,lag_ms,0
0,0,313,lag_ms,1
0,0,314,lag_ms,0
0,0,315,lag_ms,0
0,0,316,lag_ms,0
0,0,317,lag_ms,0
0,0,318,lag_ms,1
0,0,319,lag_ms,0
0,0,320,lag_ms,1
0,0,321,lag_ms,0
0,0,322,lag_ms,0
0,0,323,lag_ms,0
0,0,324,lag_ms,0
0,0,325,lag_ms,0
0,0,326,lag_ms,1
0,0,327,lag_ms,5
0,0,328,lag_ms,3
0,0,329,lag_ms,3
0,0,330,lag_ms,1
0,0,331,lag_ms,0
0,0,332,lag_ms,0
0,0,333,lag_ms,0
0,0,334,lag_ms,0
0,0,335,lag_ms,0
0,0,336,lag_ms,1
0,0,337,lag_ms,0
0,0,338,lag_ms,0
0,0,339,lag_ms,1
0,0,340,lag_ms,2
0,0,341,lag_ms,0
0,0,342,lag_ms,0
0,0,343,lag_ms,1
0,0,344,lag_ms,0
0,0,345,lag_ms,1
0,0,346,lag_ms,0
0,0,347,lag_ms,0
0,0,348,lag_ms,0
0,0,349,lag_ms,1
0,0,350,lag_ms,1
0,0,351,lag_ms,0
0,0,352,lag_ms,1
0,0,353,lag_ms,0
0,0,354,lag_ms,1
0,0,355,lag_ms,0
0,0,356,lag_ms,1
0,0,357,lag_ms,0
0,0,358,lag_ms,1
0,0,359,lag_ms,2
0,0,360,lag_ms,2
0,0,361,lag_ms,2
0,0,362,lag_ms,0
0,0,363,lag_ms,4
0,0,364,lag_ms,5
0,0,365,lag_ms,4
0,0,366,lag_ms,5
0,0,367,lag_ms,0
0,0,368,lag_ms,0
0,0,369,lag_ms,3
0,0,370,lag_ms,0
0,0,371,lag_ms,0
0,0,372,lag_ms,1
0,0,373,lag_ms,0
0,0,374,lag_ms,0
0,0,375,lag_ms,0
0,0,376,lag_ms,4
0,0,377,lag_ms,3
0,0,378,lag_ms,3
0,0,379,lag_ms,0
0,0,380,lag_ms,2
0,0,381,lag_ms,3
0,0,382,lag_ms,4
0,0,383,lag_ms,0
0,0,384,lag_ms,2
0,0,385,lag_ms,0
0,0,386,lag_ms,1
0,0,387,lag_ms,0
0,0,388,lag_ms,0
0,0,389,lag_ms,1
0,0,390,lag_ms,0
0,0,391,lag_ms,1
0,0,392,lag_ms,1
0,0,393,lag_ms,0
0,0,394,lag_ms,1
0,0,395,lag_ms,1
0,0,396,lag_ms,0
0,0,397,lag_ms,1
0,0,398,lag_ms,0
0,0,399,lag_ms,1
0,0,400,lag_ms,3
0,0,401,lag_ms,1
0,0,402,lag_ms,1
0,0,403,lag_ms,0
0,0,404,lag_ms,1
0,0,405,lag_ms,1
0,0,406,lag_ms,0
0,0,407,lag_ms,0
0,0,408,lag_ms,0
0,0,409,lag_ms,3
0,0,410,lag_ms,1
0,0,411,lag_ms,4
0,0,412,lag_ms,1
0,0,413,lag_ms,0
0,0,414,lag_ms,0
0,0,415,lag_ms,0
0,0,416,lag_ms,0
0,0,417,lag_ms,0
0,0,418,lag_ms,0
0,0,419,lag_ms,0
0,0,420,lag_ms,1
0,0,421,lag_ms,1
0,0,422,lag_ms,0
0,0,423,lag_ms,0
0,0,424,lag_ms,0
0,0,425,lag_ms,0
0,0,426,lag_ms,0
0,0,427,lag_ms,0
0,0,428,lag_ms,2
0,0,429,lag_ms,0
0,0,430,lag_ms,1
0,0,431,lag_ms,0
0,0,432,lag_ms,0
0,0,433,lag_ms,0
0,0,434,lag_ms,0
0,0,435,lag_ms,0
0,0,436,lag_ms,1
0,0,437,lag_ms,0
0,0,438,lag_ms,0
0,0,439,lag_ms,1
0,0,440,lag_ms,1
0,0,441,lag_ms,1
0,0,442,lag_ms,1
0,0,443,lag_ms,1
0,0,444,lag_ms,1
0,0,445,lag_ms,0
0,0,446,lag_ms,1
0,0,447,lag_ms,2
0,0,448,lag_ms,5
0,0,449,lag_ms,1
0,0,450,lag_ms,1
0,0,451,lag_ms,0
0,0,452,lag_ms,2
0,0,453,lag_ms,1
0,0,454,lag_ms,1
0,0,455,lag_ms,1
0,0,456,lag_ms,3
0,0,457,lag_ms,0
0,0,458,lag_ms,1
0,0,459,lag_ms,1
0,0,460,lag_ms,0
0,0,461,lag_ms,0
0,0,462,lag_ms,1
0,0,463,lag_ms,3
0,0,464,lag_ms,1
0,0,465,lag_ms,0
0,0,466,lag_ms,0
0,0,467,lag_ms,0
0,0,468,lag_ms,0
0,0,469,lag_ms,0
0,0,470,lag_ms,0
0,0,471,lag_ms,1
0,0,472,lag_ms,0
0,0,473,lag_ms,0
0,0,474,lag_ms,0
0,0,475,lag_ms,0
0,0,476,lag_ms,0
0,0,477,lag_ms,0
0,0,478,lag_ms,1
0,0,479,lag_ms,0
0,0,480,lag_ms,0
0,0,481,lag_ms,0
0,0,482,lag_ms,1
0,0,483,lag_ms,0
0,0,484,lag_ms,0
0,0,485,lag_ms,0
0,0,486,lag_ms,0
0,0,487,lag_ms,0
0,0,488,lag_ms,0
0,0,489,lag_ms,1
0,0,490,lag_ms,3
0,0,491,lag_ms,0
0,0,492,lag_ms,0
0,0,493,lag_ms,2
0,0,494,lag_ms,0
0,0,495,lag_ms,2
0,0,496,lag_ms,0
0,0,497,lag_ms,0
0,0,498,lag_ms,2
0,0,499,lag_ms,1
0,0,500,lag_ms,1
0,0,501,lag_ms,1
0,0,502,lag_ms,2
0,0,503,lag_ms,1
0,0,504,lag_ms,2
0,0,505,lag_ms,1
0,0,506,lag_ms,1
0,0,507,lag_ms,1
0,0,508,lag_ms,0
0,0,509,lag_ms,1
0,0,510,lag_ms,3
0,0,511,lag_ms,0
0,0,512,lag_ms,2
0,0,513,lag_ms,1
0,0,514,lag_ms,1
0,0,515,lag_ms,0
0,0,516,lag_ms,1
0,0,517,lag_ms,0
0,0,518,lag_ms,0
0,0,519,lag_ms,0
0,0,520,lag_ms,0
0,0,521,lag_ms,1
0,0,522,lag_ms,0
0,0,523,lag_ms,0
0,0,524,lag_ms,0
0,0,525,lag_ms,0
0,0,526,lag_ms,0
0,0,527,lag_ms,0
0,0,528,lag_ms,0
0,0,529,lag_ms,0
0,0,530,lag_ms,0
0,0,531,lag_ms,0
0,0,532,lag_ms,0
0,0,533,lag_ms,0
0,0,534,lag_ms,0
0,0,535,lag_ms,1
0,0,536,lag_ms,0
0,0,537,lag_ms,1
0,0,538,lag_ms,0
0,0,539,lag_ms,0
0,0,540,lag_ms,0
0,0,541,lag_ms,0
0,0,542,lag_ms,0
0,0,543,lag_ms,0
0,0,544,lag_ms,3
0,0,545,lag_ms,0
0,0,546,lag_ms,0
0,0,547,lag_ms,0
0,0,548,lag_ms,0
0,0,549,lag_ms,0
0,0,550,lag_ms,0
0,0,551,lag_ms,0
0,0,552,lag_ms,0
0,0,553,lag_ms,0
0,0,554,lag_ms,0
0,0,555,lag_ms,0
0,0,556,lag_ms,0
0,0,557,lag_ms,2
0,0,558,lag_ms,0
0,0,559,lag_ms,0
0,0,560,lag_ms,0
0,0,561,lag_ms,0
0,0,562,lag_ms,0
0,0,563,lag_ms,0
0,0,564,lag_ms,0
0,0,565,lag_ms,0
0,0,566,lag_ms,0
0,0,567,lag_ms,0
0,0,568,lag_ms,0
0,0,569,lag_ms,0
0,0,570,lag_ms,0
0,0,571,lag_ms,0
0,0,572,lag_ms,0
0,0,573,lag_ms,0
0,0,574,lag_ms,0
0,0,575,lag_ms,0
0,0,576,lag_ms,2
0,0,577,lag_ms,0
0,0,578,lag_ms,0
0,0,579,lag_ms,0
0,0,580,lag_ms,0
0,0,581,lag_ms,0
0,0,582,lag_ms,0
0,0,583,lag_ms,0
0,0,584,lag_ms,0
0,0,585,lag_ms,0
0,0,586,lag_ms,0
0,0,587,lag_ms,0
0,0,588,lag_ms,3
0,0,589,lag_ms,0
0,0,590,lag_ms,4
0,0,591,lag_ms,3
0,0,592,lag_ms,0
0,0,593,lag_ms,5
0,0,594,lag_ms,0
0,0,595,lag_ms,0
0,0,596,lag_ms,0
0,0,597,lag_ms,0
0,0,598,lag_ms,0
0,0,599,lag_ms,0
0,0,600,lag_ms,0
0,0,601,lag_ms,0
0,0,602,lag_ms,0
0,0,603,lag_ms,0
0,0,604,lag_ms,0
0,0,605,lag_ms,0
0,0,606,lag_ms,0
0,0,607,lag_ms,0
0,0,608,lag_ms,0
0,0,609,lag_ms,0
0,0,610,lag_ms,0
0,0,611,lag_ms,0
0,0,612,lag_ms,0
0,0,613,lag_ms,0
0,0,614,lag_ms,2
0,0,615,lag_ms,0
0,0,616,lag_ms,0
0,0,617,lag_ms,0
0,0,618,lag_ms,0
0,0,619,lag_ms,1
0,0,620,lag_ms,0
0,0,621,lag_ms,3
0,0,622,lag_ms,0
0,0,623,lag_ms,0
0,0,624,lag_ms,0
0,0,625,lag_ms,0
0,0,626,lag_ms,0
0,0,627,lag_ms,0
0,0,628,lag_ms,0
0,0,629,lag_ms,0
0,0,630,lag_ms,0
0,0,631,lag_ms,0
0,0,632,lag_ms,0
0,0,633,lag_ms,0
0,0,634,lag_ms,0
0,0,635,lag_ms,0
0,0,636,lag_ms,0
0,0,637,lag_ms,5
0,0,638,lag_ms,9
0,0,639,lag_ms,0
0,0,640,lag_ms,3
0,0,641,lag_ms,1
0,0,642,lag_ms,0
0,0,643,lag_ms,1
0,0,644,lag_ms,0
0,0,645,lag_ms,0
0,0,646,lag_ms,2
0,0,647,lag_ms,0
0,0,648,lag_ms,0
0,0,649,lag_ms,3
0,0,650,lag_ms,0
0,0,651,lag_ms,0
0,0,652,lag_ms,0
0,0,653,lag_ms,0
0,0,654,lag_ms,0
0,0,655,lag_ms,0
0,0,656,lag_ms,0
0,0,657,lag_ms,0
0,0,658,lag_ms,0
0,0,659,lag_ms,0
0,0,660,lag_ms,0
0,0,661,lag_ms,0
0,0,662,lag_ms,0
0,0,663,lag_ms,0
0,0,664,lag_ms,0
0,0,665,lag_ms,0
0,0,666,lag_ms,0
0,0,667,lag_ms,0
0,0,668,lag_ms,0
0,0,669,lag_ms,2
0,0,670,lag_ms,2
0,0,671,lag_ms,0
0,0,672,lag_ms,0
0,0,673,lag_ms,0
0,0,674,lag_ms,1
0,0,675,lag_ms,0
0,0,676,lag_ms,0
0,0,677,lag_ms,1
0,0,678,lag_ms,0
0,0,679,lag_ms,0
0,0,680,lag_ms,0
0,0,681,lag_ms,4
0,0,682,lag_ms,0
0,0,683,lag_ms,0
0,0,684,lag_ms,0
0,0,685,lag_ms,0
0,0,686,lag_ms,0
0,0,687,lag_ms,0
0,0,688,lag_ms,0
0,0,689,lag_ms,0
0,0,690,lag_ms,3
0,0,691,lag_ms,6
0,0,692,lag_ms,1
0,0,693,lag_ms,0
0,0,694,lag_ms,0
0,0,695,lag_ms,0
0,0,696,lag_ms,0
0,0,697,lag_ms,0
0,0,698,lag_ms,0
0,0,699,lag_ms,0
0,0,700,lag_ms,0
0,0,701,lag_ms,0
0,0,702,lag_ms,0
0,0,703,lag_ms,0
0,0,704,lag_ms,0
0,0,705,lag_ms,0
0,0,706,lag_ms,0
0,0,707,lag_ms,0
0,0,708,lag_ms,0
0,0,709,lag_ms,0
0,0,710,lag_ms,0
0,0,711,lag_ms,3
0,0,712,lag_ms,7
0,0,713,lag_ms,4
0,0,714,lag_ms,0
0,0,715,lag_ms,0
0,0,716,lag_ms,0
0,0,717,lag_ms,0
0,0,718,lag_ms,0
0,0,719,lag_ms,0
0,0,720,lag_ms,0
0,0,721,lag_ms,0
0,0,722,lag_ms,0
0,0,723,lag_ms,0
0,0,724,lag_ms,3
0,0,725,lag_ms,0
0,0,726,lag_ms,0
0,0,727,lag_ms,1
0,0,728,lag_ms,0
0,0,729,lag_ms,0
0,0,730,lag_ms,0
0,0,731,lag_ms,0
0,0,732,lag_ms,0
0,0,733,lag_ms,2
0,0,734,lag_ms,0
0,0,735,lag_ms,0
0,0,736,lag_ms,0
0,0,737,lag_ms,0
0,0,738,lag_ms,0
0,0,739,lag_ms,2
0,0,740,lag_ms,4
0,0,741,lag_ms,5
0,0,742,lag_ms,4
0,0,743,lag_ms,0
0,0,744,lag_ms,0
0,0,745,lag_ms,0
0,0,746,lag_ms,0
0,0,747,lag_ms,0
0,0,748,lag_ms,0
0,0,749,lag_ms,0
0,0,750,lag_ms,0
0,0,751,lag_ms,3
0,0,752,lag_ms,0
0,0,753,lag_ms,0
0,0,754,lag_ms,0
0,0,755,lag_ms,0
0,0,756,lag_ms,0
0,0,757,lag_ms,0
0,0,758,lag_ms,0
0,0,759,lag_ms,0
0,0,760,lag_ms,0
0,0,761,lag_ms,0
0,0,762,lag_ms,2
0,0,763,lag_ms,0
0,0,764,lag_ms,0
0,0,765,lag_ms,0
0,0,766,lag_ms,0
0,0,767,lag_ms,0
0,0,768,lag_ms,0
0,0,769,lag_ms,0
0,0,770,lag_ms,0
0,0,771,lag_ms,2
0,0,772,lag_ms,0
0,0,773,lag_ms,0
0,0,774,lag_ms,0
0,0,775,lag_ms,0
0,0,776,lag_ms,0
0,0,777,lag_ms,7
0,0,778,lag_ms,0
0,0,779,lag_ms,0
0,0,780,lag_ms,0
0,0,781,lag_ms,0
0,0,782,lag_ms,0
0,0,783,lag_ms,0
0,0,784,lag_ms,0
0,0,785,lag_ms,0
0,0,786,lag_ms,0
0,0,787,lag_ms,0
0,0,788,lag_ms,1
0,0,789,lag_ms,0
0,0,790,lag_ms,0
0,0,791,lag_ms,0
0,0,792,lag_ms,3
0,0,793,lag_ms,6
0,0,794,lag_ms,3
0,0,795,lag_ms,4
0,0,796,lag_ms,3
0,0,797,lag_ms,0
0,0,798,lag_ms,0
0,0,799,lag_ms,0
0,0,800,lag_ms,0
0,0,801,lag_ms,0
0,0,802,lag_ms,0
0,0,803,lag_ms,1
0,0,804,lag_ms,0
0,0,805,lag_ms,0
0,0,806,lag_ms,0
0,0,807,lag_ms,0
0,0,808,lag_ms,0
0,0,809,lag_ms,0
0,0,810,lag_ms,0
0,0,811,lag_ms,0
0,0,812,lag_ms,0
0,0,813,lag_ms,3
0,0,814,lag_ms,0
0,0,815,lag_ms,3
0,0,816,lag_ms,0
0,0,817,lag_ms,3
0,0,818,lag_ms,3
0,0,819,lag_ms,4
0,0,820,lag_ms,4
0,0,821,lag_ms,0
0,0,822,lag_ms,3
0,0,823,lag_ms,4
0,0,824,lag_ms,4
0,0,825,lag_ms,3
0,0,826,lag_ms,4
0,0,827,lag_ms,5
0,0,828,lag_ms,0
0,0,829,lag_ms,1
0,0,830,lag_ms,0
0,0,831,lag_ms,0
0,0,832,lag_ms,0
0,0,833,lag_ms,0
0,0,834,lag_ms,0
0,0,835,lag_ms,0
0,0,836,lag_ms,0
0,0,837,lag_ms,0
0,0,838,lag_ms,0
0,0,839,lag_ms,0
0,0,840,lag_ms,0
0,0,841,lag_ms,0
0,0,842,lag_ms,3
0,0,843,lag_ms,3
0,0,844,lag_ms,3
0,0,845,lag_ms,1
0,0,846,lag_ms,0
0,0,847,lag_ms,0
0,0,848,lag_ms,0
0,0,849,lag_ms,0
0,0,850,lag_ms,0
0,0,851,lag_ms,0
0,0,852,lag_ms,0
0,0,853,lag_ms,0
0,0,854,lag_ms,0
0,0,855,lag_ms,2
0,0,856,lag_ms,0
0,0,857,lag_ms,0
0,0,858,lag_ms,0
0,0,859,lag_ms,0
0,0,860,lag_ms,0
0,0,861,lag_ms,4
0,0,862,lag_ms,1
0,0,863,lag_ms,0
0,0,864,lag_ms,0
0,0,865,lag_ms,0
0,0,866,lag_ms,2
0,0,867,lag_ms,1
0,0,868,lag_ms,1
0,0,869,lag_ms,0
0,0,870,lag_ms,0
0,0,871,lag_ms,0
0,0,872,lag_ms,1
0,0,873,lag_ms,0
0,0,874,lag_ms,0
0,0,875,lag_ms,0
0,0,876,lag_ms,0
0,0,877,lag_ms,0
0,0,878,lag_ms,0
0,0,879,lag_ms,0
0,0,880,lag_ms,0
0,0,881,lag_ms,0
0,0,882,lag_ms,0
0,0,883,lag_ms,0
0,0,884,lag_ms,1
0,0,885,lag_ms,0
0,0,886,lag_ms,0
0,0,887,lag_ms,0
0,0,888,lag_ms,0
0,0,889,lag_ms,0
0,0,890,lag_ms,0
0,0,891,lag_ms,0
0,0,892,lag_ms,1
0,0,893,lag_ms,0
0,0,894,lag_ms,0
0,0,895,lag_ms,0
0,0,896,lag_ms,0
0,0,897,lag_ms,1
0,0,898,lag_ms,0
0,0,899,lag_ms,0
0,0,900,lag_ms,0
0,0,901,lag_ms,3
0,0,902,lag_ms,4
0,0,903,lag_ms,1
0,0,904,lag_ms,0
0,0,905,lag_ms,0
0,0,906,lag_ms,0
0,0,907,lag_ms,1
0,0,908,lag_ms,0
0,0,909,lag_ms,3
0,0,910,lag_ms,1
0,0,911,lag_ms,0
0,0,912,lag_ms,0
0,0,913,lag_ms,0
0,0,914,lag_ms,0
0,0,915,lag_ms,1
0,0,916,lag_ms,1
0,0,917,lag_ms,0
0,0,918,lag_ms,0
0,0,919,lag_ms,0
0,0,920,lag_ms,1
0,0,921,lag_ms,0
0,0,922,lag_ms,0
0,0,923,lag_ms,4
0,0,924,lag_ms,0
0,0,925,lag_ms,0
0,0,926,lag_ms,0
0,0,927,lag_ms,0
0,0,928,lag_ms,2
0,0,929,lag_ms,0
0,0,930,lag_ms,0
0,0,931,lag_ms,0
0,0,932,lag_ms,0
0,0,933,lag_ms,0
0,0,934,lag_ms,0
0,0,935,lag_ms,0
0,0,936,lag_ms,0
0,0,937,lag_ms,0
0,0,938,lag_ms,0
0,0,939,lag_ms,0
0,0,940,lag_ms,0
0,0,941,lag_ms,0
0,0,942,lag_ms,0
0,0,943,lag_ms,0
0,0,944,lag_ms,0
0,0,945,lag_ms,0
0,0,946,lag_ms,0
0,0,947,lag_ms,0
0,0,948,lag_ms,0
0,0,949,lag_ms,0
0,0,950,lag_ms,0
0,0,951,lag_ms,0
0,0,952,lag_ms,0
0,0,953,lag_ms,0
0,0,954,lag_ms,0
0,0,955,lag_ms,0
0,0,956,lag_ms,0
0,0,957,lag_ms,0
0,0,958,lag_ms,0
0,0,959,lag_ms,1
0,0,960,lag_ms,0
0,0,961,lag_ms,1
0,0,962,lag_ms,0
0,0,963,lag_ms,0
0,0,964,lag_ms,2
0,0,965,lag_ms,0
0,0,966,lag_ms,0
0,0,967,lag_ms,0
0,0,968,lag_ms,0
0,0,969,lag_ms,0
0,0,970,lag_ms,1
0,0,971,lag_ms,0
0,0,972,lag_ms,0
0,0,973,lag_ms,0
0,0,974,lag_ms,0
0,0,975,lag_ms,3
0,0,976,lag_ms,5
0,0,977,lag_ms,1
0,0,978,lag_ms,4
0,0,979,lag_ms,0
0,0,980,lag_ms,0
0,0,981,lag_ms,0
0,0,982,lag_ms,0
0,0,983,lag_ms,0
0,0,984,lag_ms,1
0,0,985,lag_ms,0
0,0,986,lag_ms,0
0,0,987,lag_ms,2
0,0,988,lag_ms,0
0,0,989,lag_ms,0
0,0,990,lag_ms,0
0,0,991,lag_ms,0
0,0,992,lag_ms,1
0,0,993,lag_ms,0
0,0,994,lag_ms,0
0,0,995,lag_ms,0
0,0,996,lag_ms,0
0,0,997,lag_ms,0
0,0,998,lag_ms,0
0,0,999,lag_ms,0
0,0,1000,total_ms,6368
100,0,0,lag_ms,3
100,0,1,lag_ms,1
100,0,2,lag_ms,3
100,0,3,lag_ms,0
100,0,4,lag_ms,1
100,0,5,lag_ms,3
100,0,6,lag_ms,1
100,0,7,lag_ms,1
100,0,8,lag_ms,2
100,0,9,lag_ms,1
100,0,10,lag_ms,1
100,0,11,lag_ms,1
100,0,12,lag_ms,1
100,0,13,lag_ms,3
100,0,14,lag_ms,6
100,0,15,lag_ms,1
100,0,16,lag_ms,1
100,0,17,lag_ms,1
100,0,18,lag_ms,3
100,0,19,lag_ms,1
100,0,20,lag_ms,1
100,0,21,lag_ms,3
100,0,22,lag_ms,1
100,0,23,lag_ms,1
100,0,24,lag_ms,1
100,0,25,lag_ms,1
100,0,26,lag_ms,1
100,0,27,lag_ms,0
100,0,28,lag_ms,3
100,0,29,lag_ms,1
100,0,30,lag_ms,1
100,0,31,lag_ms,0
100,0,32,lag_ms,3
100,0,33,lag_ms,4
100,0,34,lag_ms,3
100,0,35,lag_ms,5
100,0,36,lag_ms,1
100,0,37,lag_ms,7
100,0,38,lag_ms,0
100,0,39,lag_ms,1
100,0,40,lag_ms,0
100,0,41,lag_ms,1
100,0,42,lag_ms,0
100,0,43,lag_ms,0
100,0,44,lag_ms,0
100,0,45,lag_ms,3
100,0,46,lag_ms,1
100,0,47,lag_ms,1
100,0,48,lag_ms,0
100,0,49,lag_ms,1
100,0,50,lag_ms,3
100,0,51,lag_ms,1
100,0,52,lag_ms,2
100,0,53,lag_ms,1
100,0,54,lag_ms,1
100,0,55,lag_ms,1
100,0,56,lag_ms,1
100,0,57,lag_ms,3
100,0,58,lag_ms,1
100,0,59,lag_ms,4
100,0,60,lag_ms,1
100,0,61,lag_ms,4
100,0,62,lag_ms,2
100,0,63,lag_ms,3
100,0,64,lag_ms,2
100,0,65,lag_ms,1
100,0,66,lag_ms,4
100,0,67,lag_ms,1
100,0,68,lag_ms,5
100,0,69,lag_ms,0
100,0,70,lag_ms,1
100,0,71,lag_ms,1
100,0,72,lag_ms,0
100,0,73,lag_ms,1
100,0,74,lag_ms,1
100,0,75,lag_ms,1
100,0,76,lag_ms,1
100,0,77,lag_ms,2
100,0,78,lag_ms,0
100,0,79,lag_ms,1
100,0,80,lag_ms,2
100,0,81,lag_ms,1
100,0,82,lag_ms,2
100,0,83,lag_ms,2
100,0,84,lag_ms,0
100,0,85,lag_ms,0
100,0,86,lag_ms,1
100,0,87,lag_ms,7
100,0,88,lag_ms,1
100,0,89,lag_ms,0
100,0,90,lag_ms,1
100,0,91,lag_ms,3
100,0,92,lag_ms,0
100,0,93,lag_ms,4
100,0,94,lag_ms,1
100,0,95,lag_ms,0
100,0,96,lag_ms,1
100,0,97,lag_ms,0
100,0,98,lag_ms,1
100,0,99,lag_ms,0
100,0,100,lag_ms,1
100,0,101,lag_ms,1
100,0,102,lag_ms,1
100,0,103,lag_ms,0
100,0,104,lag_ms,3
100,0,105,lag_ms,1
100,0,106,lag_ms,1
100,0,107,lag_ms,1
100,0,108,lag_ms,10
100,0,109,lag_ms,1
100,0,110,lag_ms,1
100,0,111,lag_ms,1
100,0,112,lag_ms,0
100,0,113,lag_ms,2
100,0,114,lag_ms,1
100,0,115,lag_ms,1
100,0,116,lag_ms,1
100,0,117,lag_ms,1
100,0,118,lag_ms,1
100,0,119,lag_ms,1
100,0,120,lag_ms,1
100,0,121,lag_ms,1
100,0,122,lag_ms,1
100,0,123,lag_ms,2
100,0,124,lag_ms,1
100,0,125,lag_ms,0
100,0,126,lag_ms,1
100,0,127,lag_ms,1
100,0,128,lag_ms,1
100,0,129,lag_ms,1
100,0,130,lag_ms,1
100,0,131,lag_ms,1
100,0,132,lag_ms,1
100,0,133,lag_ms,0
100,0,134,lag_ms,0
100,0,135,lag_ms,3
100,0,136,lag_ms,0
100,0,137,lag_ms,0
100,0,138,lag_ms,2
100,0,139,lag_ms,1
100,0,140,lag_ms,0
100,0,141,lag_ms,0
100,0,142,lag_ms,2
100,0,143,lag_ms,0
100,0,144,lag_ms,0
100,0,145,lag_ms,4
100,0,146,lag_ms,1
100,0,147,lag_ms,1
100,0,148,lag_ms,1
100,0,149,lag_ms,1
100,0,150,lag_ms,1
100,0,151,lag_ms,4
100,0,152,lag_ms,4
100,0,153,lag_ms,0
100,0,154,lag_ms,1
100,0,155,lag_ms,0
100,0,156,lag_ms,2
100,0,157,lag_ms,1
100,0,158,lag_ms,0
100,0,159,lag_ms,1
100,0,160,lag_ms,1
100,0,161,lag_ms,4
100,0,162,lag_ms,1
100,0,163,lag_ms,1
100,0,164,lag_ms,0
100,0,165,lag_ms,0
100,0,166,lag_ms,0
100,0,167,lag_ms,1
100,0,168,lag_ms,2
100,0,169,lag_ms,1
100,0,170,lag_ms,0
100,0,171,lag_ms,5
100,0,172,lag_ms,1
100,0,173,lag_ms,6
100,0,174,lag_ms,1
100,0,175,lag_ms,2
100,0,176,lag_ms,1
100,0,177,lag_ms,73
100,0,178,lag_ms,1
100,0,179,lag_ms,1
100,0,180,lag_ms,10
100,0,181,lag_ms,1
100,0,182,lag_ms,19
100,0,183,lag_ms,2
100,0,184,lag_ms,1
100,0,185,lag_ms,0
100,0,186,lag_ms,1
100,0,187,lag_ms,1
100,0,188,lag_ms,5
100,0,189,lag_ms,1
100,0,190,lag_ms,2
100,0,191,lag_ms,3
100,0,192,lag_ms,2
100,0,193,lag_ms,1
100,0,194,lag_ms,1
100,0,195,lag_ms,2
100,0,196,lag_ms,1
100,0,197,lag_ms,1
100,0,198,lag_ms,1
100,0,199,lag_ms,1
100,0,200,lag_ms,1
100,0,201,lag_ms,0
100,0,202,lag_ms,11
100,0,203,lag_ms,1
100,0,204,lag_ms,0
100,0,205,lag_ms,1
100,0,206,lag_ms,0
100,0,207,lag_ms,1
100,0,208,lag_ms,0
100,0,209,lag_ms,0
100,0,210,lag_ms,1
100,0,211,lag_ms,7
100,0,212,lag_ms,1
100,0,213,lag_ms,22
100,0,214,lag_ms,1
100,0,215,lag_ms,1
100,0,216,lag_ms,2
100,0,217,lag_ms,2
100,0,218,lag_ms,1
100,0,219,lag_ms,0
100,0,220,lag_ms,0
100,0,221,lag_ms,0
100,0,222,lag_ms,1
100,0,223,lag_ms,1
100,0,224,lag_ms,21
100,0,225,lag_ms,5
100,0,226,lag_ms,40
100,0,227,lag_ms,0
100,0,228,lag_ms,58
100,0,229,lag_ms,1
100,0,230,lag_ms,77
100,0,231,lag_ms,1
100,0,232,lag_ms,1
100,0,233,lag_ms,0
100,0,234,lag_ms,0
100,0,235,lag_ms,1
100,0,236,lag_ms,0
100,0,237,lag_ms,0
100,0,238,lag_ms,0
100,0,239,lag_ms,1
100,0,240,lag_ms,1
100,0,241,lag_ms,0
100,0,242,lag_ms,1
100,0,243,lag_ms,1
100,0,244,lag_ms,0
100,0,245,lag_ms,1
100,0,246,lag_ms,5
100,0,247,lag_ms,3
100,0,248,lag_ms,0
100,0,249,lag_ms,1
100,0,250,lag_ms,0
100,0,251,lag_ms,0
100,0,252,lag_ms,1
100,0,253,lag_ms,1
100,0,254,lag_ms,1
100,0,255,lag_ms,1
100,0,256,lag_ms,1
100,0,257,lag_ms,1
100,0,258,lag_ms,2
100,0,259,lag_ms,0
100,0,260,lag_ms,0
100,0,261,lag_ms,0
100,0,262,lag_ms,0
100,0,263,lag_ms,1
100,0,264,lag_ms,2
100,0,265,lag_ms,1
100,0,266,lag_ms,2
100,0,267,lag_ms,1
100,0,268,lag_ms,1
100,0,269,lag_ms,1
100,0,270,lag_ms,1
100,0,271,lag_ms,1
100,0,272,lag_ms,0
100,0,273,lag_ms,1
100,0,274,lag_ms,0
100,0,275,lag_ms,2
100,0,276,lag_ms,4
100,0,277,lag_ms,0
100,0,278,lag_ms,0
100,0,279,lag_ms,3
100,0,280,lag_ms,3
100,0,281,lag_ms,3
100,0,282,lag_ms,3
100,0,283,lag_ms,0
100,0,284,lag_ms,3
100,0,285,lag_ms,0
100,0,286,lag_ms,2
100,0,287,lag_ms,4
100,0,288,lag_ms,0
100,0,289,lag_ms,1
100,0,290,lag_ms,1
100,0,291,lag_ms,1
100,0,292,lag_ms,1
100,0,293,lag_ms,1
100,0,294,lag_ms,3
100,0,295,lag_ms,1
100,0,296,lag_ms,1
100,0,297,lag_ms,2
100,0,298,lag_ms,6
100,0,299,lag_ms,4
100,0,300,lag_ms,1
100,0,301,lag_ms,3
100,0,302,lag_ms,1
100,0,303,lag_ms,3
100,0,304,lag_ms,1
100,0,305,lag_ms,3
100,0,306,lag_ms,5
100,0,307,lag_ms,1
100,0,308,lag_ms,0
100,0,309,lag_ms,3
100,0,310,lag_ms,0
100,0,311,lag_ms,1
100,0,312,lag_ms,1
100,0,313,lag_ms,1
100,0,314,lag_ms,3
100,0,315,lag_ms,4
100,0,316,lag_ms,1
100,0,317,lag_ms,1
100,0,318,lag_ms,2
100,0,319,lag_ms,0
100,0,320,lag_ms,0
100,0,321,lag_ms,2
100,0,322,lag_ms,6
100,0,323,lag_ms,48
100,0,324,lag_ms,1
100,0,325,lag_ms,3
100,0,326,lag_ms,0
100,0,327,lag_ms,2
100,0,328,lag_ms,4
100,0,329,lag_ms,1
100,0,330,lag_ms,3
100,0,331,lag_ms,5
100,0,332,lag_ms,2
100,0,333,lag_ms,1
100,0,334,lag_ms,1
100,0,335,lag_ms,1
100,0,336,lag_ms,1
100,0,337,lag_ms,1
100,0,338,lag_ms,3
100,0,339,lag_ms,0
100,0,340,lag_ms,1
100,0,341,lag_ms,2
100,0,342,lag_ms,1
100,0,343,lag_ms,0
100,0,344,lag_ms,1
100,0,345,lag_ms,0
100,0,346,lag_ms,1
100,0,347,lag_ms,1
100,0,348,lag_ms,1
100,0,349,lag_ms,1
100,0,350,lag_ms,0
100,0,351,lag_ms,1
100,0,352,lag_ms,1
100,0,353,lag_ms,1
100,0,354,lag_ms,0
100,0,355,lag_ms,0
100,0,356,lag_ms,1
100,0,357,lag_ms,3
100,0,358,lag_ms,2
100,0,359,lag_ms,0
100,0,360,lag_ms,0
100,0,361,lag_ms,0
100,0,362,lag_ms,3
100,0,363,lag_ms,0
100,0,364,lag_ms,0
100,0,365,lag_ms,1
100,0,366,lag_ms,1
100,0,367,lag_ms,0
100,0,368,lag_ms,0
100,0,369,lag_ms,2
100,0,370,lag_ms,1
100,0,371,lag_ms,0
100,0,372,lag_ms,1
100,0,373,lag_ms,1
100,0,374,lag_ms,1
100,0,375,lag_ms,4
100,0,376,lag_ms,1
100,0,377,lag_ms,1
100,0,378,lag_ms,0
100,0,379,lag_ms,1
100,0,380,lag_ms,1
100,0,381,lag_ms,1
100,0,382,lag_ms,0
100,0,383,lag_ms,1
100,0,384,lag_ms,1
100,0,385,lag_ms,0
100,0,386,lag_ms,1
100,0,387,lag_ms,0
100,0,388,lag_ms,0
100,0,389,lag_ms,1
100,0,390,lag_ms,0
100,0,391,lag_ms,1
100,0,392,lag_ms,1
100,0,393,lag_ms,1
100,0,394,lag_ms,1
100,0,395,lag_ms,1
100,0,396,lag_ms,3
100,0,397,lag_ms,2
100,0,398,lag_ms,1
100,0,399,lag_ms,1
100,0,400,lag_ms,6
100,0,401,lag_ms,1
100,0,402,lag_ms,3
100,0,403,lag_ms,1
100,0,404,lag_ms,4
100,0,405,lag_ms,1
100,0,406,lag_ms,2
100,0,407,lag_ms,0
100,0,408,lag_ms,1
100,0,409,lag_ms,1
100,0,410,lag_ms,0
100,0,411,lag_ms,1
100,0,412,lag_ms,1
100,0,413,lag_ms,1
100,0,414,lag_ms,0
100,0,415,lag_ms,3
100,0,416,lag_ms,1
100,0,417,lag_ms,0
100,0,418,lag_ms,1
100,0,419,lag_ms,1
100,0,420,lag_ms,0
100,0,421,lag_ms,3
100,0,422,lag_ms,0
100,0,423,lag_ms,3
100,0,424,lag_ms,0
100,0,425,lag_ms,1
100,0,426,lag_ms,1
100,0,427,lag_ms,1
100,0,428,lag_ms,1
100,0,429,lag_ms,1
100,0,430,lag_ms,3
100,0,431,lag_ms,1
100,0,432,lag_ms,0
100,0,433,lag_ms,0
100,0,434,lag_ms,2
100,0,435,lag_ms,1
100,0,436,lag_ms,1
100,0,437,lag_ms,0
100,0,438,lag_ms,0
100,0,439,lag_ms,2
100,0,440,lag_ms,3
100,0,441,lag_ms,1
100,0,442,lag_ms,4
100,0,443,lag_ms,1
100,0,444,lag_ms,0
100,0,445,lag_ms,3
100,0,446,lag_ms,0
100,0,447,lag_ms,1
100,0,448,lag_ms,2
100,0,449,lag_ms,1
100,0,450,lag_ms,1
100,0,451,lag_ms,1
100,0,452,lag_ms,1
100,0,453,lag_ms,1
100,0,454,lag_ms,1
100,0,455,lag_ms,0
100,0,456,lag_ms,1
100,0,457,lag_ms,4
100,0,458,lag_ms,7
100,0,459,lag_ms,1
100,0,460,lag_ms,1
100,0,461,lag_ms,1
100,0,462,lag_ms,1
100,0,463,lag_ms,1
100,0,464,lag_ms,2
100,0,465,lag_ms,0
100,0,466,lag_ms,1
100,0,467,lag_ms,0
100,0,468,lag_ms,0
100,0,469,lag_ms,1
100,0,470,lag_ms,1
100,0,471,lag_ms,1
100,0,472,lag_ms,1
100,0,473,lag_ms,0
100,0,474,lag_ms,1
100,0,475,lag_ms,5
100,0,476,lag_ms,1
100,0,477,lag_ms,0
100,0,478,lag_ms,1
100,0,479,lag_ms,0
100,0,480,lag_ms,0
100,0,481,lag_ms,0
100,0,482,lag_ms,1
100,0,483,lag_ms,0
100,0,484,lag_ms,0
100,0,485,lag_ms,0
100,0,486,lag_ms,0
100,0,487,lag_ms,0
100,0,488,lag_ms,1
100,0,489,lag_ms,1
100,0,490,lag_ms,1
100,0,491,lag_ms,1
100,0,492,lag_ms,1
100,0,493,lag_ms,1
100,0,494,lag_ms,0
100,0,495,lag_ms,1
100,0,496,lag_ms,0
100,0,497,lag_ms,1
100,0,498,lag_ms,1
100,0,499,lag_ms,1
100,0,500,lag_ms,1
100,0,501,lag_ms,1
100,0,502,lag_ms,1
100,0,503,lag_ms,1
100,0,504,lag_ms,1
100,0,505,lag_ms,1
100,0,506,lag_ms,1
100,0,507,lag_ms,1
100,0,508,lag_ms,1
100,0,509,lag_ms,1
100,0,510,lag_ms,1
100,0,511,lag_ms,1
100,0,512,lag_ms,1
100,0,513,lag_ms,1
100,0,514,lag_ms,3
100,0,515,lag_ms,1
100,0,516,lag_ms,1
100,0,517,lag_ms,1
100,0,518,lag_ms,1
100,0,519,lag_ms,1
100,0,520,lag_ms,1
100,0,521,lag_ms,0
100,0,522,lag_ms,2
100,0,523,lag_ms,0
100,0,524,lag_ms,1
100,0,525,lag_ms,1
100,0,526,lag_ms,0
100,0,527,lag_ms,1
100,0,528,lag_ms,1
100,0,529,lag_ms,1
100,0,530,lag_ms,1
100,0,531,lag_ms,1
100,0,532,lag_ms,1
100,0,533,lag_ms,1
100,0,534,lag_ms,1
100,0,535,lag_ms,1
100,0,536,lag_ms,20
100,0,537,lag_ms,22
100,0,538,lag_ms,1
100,0,539,lag_ms,0
100,0,540,lag_ms,0
100,0,541,lag_ms,0
100,0,542,lag_ms,1
100,0,543,lag_ms,1
100,0,544,lag_ms,1
100,0,545,lag_ms,1
100,0,546,lag_ms,0
100,0,547,lag_ms,1
100,0,548,lag_ms,1
100,0,549,lag_ms,0
100,0,550,lag_ms,0
100,0,551,lag_ms,0
100,0,552,lag_ms,1
100,0,553,lag_ms,1
100,0,554,lag_ms,0
100,0,555,lag_ms,0
100,0,556,lag_ms,0
100,0,557,lag_ms,1
100,0,558,lag_ms,3
100,0,559,lag_ms,1
100,0,560,lag_ms,1
100,0,561,lag_ms,0
100,0,562,lag_ms,0
100,0,563,lag_ms,1
100,0,564,lag_ms,1
100,0,565,lag_ms,1
100,0,566,lag_ms,0
100,0,567,lag_ms,0
100,0,568,lag_ms,0
100,0,569,lag_ms,1
100,0,570,lag_ms,0
100,0,571,lag_ms,0
100,0,572,lag_ms,0
100,0,573,lag_ms,0
100,0,574,lag_ms,0
100,0,575,lag_ms,0
100,0,576,lag_ms,1
100,0,577,lag_ms,0
100,0,578,lag_ms,0
100,0,579,lag_ms,1
100,0,580,lag_ms,1
100,0,581,lag_ms,1
100,0,582,lag_ms,0
100,0,583,lag_ms,0
100,0,584,lag_ms,0
100,0,585,lag_ms,0
100,0,586,lag_ms,1
100,0,587,lag_ms,0
100,0,588,lag_ms,1
100,0,589,lag_ms,0
100,0,590,lag_ms,1
100,0,591,lag_ms,0
100,0,592,lag_ms,0
100,0,593,lag_ms,0
100,0,594,lag_ms,0
100,0,595,lag_ms,0
100,0,596,lag_ms,1
100,0,597,lag_ms,1
100,0,598,lag_ms,0
100,0,599,lag_ms,1
100,0,600,lag_ms,1
100,0,601,lag_ms,1
100,0,602,lag_ms,1
100,0,603,lag_ms,3
100,0,604,lag_ms,1
100,0,605,lag_ms,1
100,0,606,lag_ms,1
100,0,607,lag_ms,1
100,0,608,lag_ms,1
100,0,609,lag_ms,1
100,0,610,lag_ms,1
100,0,611,lag_ms,1
100,0,612,lag_ms,0
100,0,613,lag_ms,1
100,0,614,lag_ms,0
100,0,615,lag_ms,0
100,0,616,lag_ms,0
100,0,617,lag_ms,0
100,0,618,lag_ms,0
100,0,619,lag_ms,1
100,0,620,lag_ms,1
100,0,621,lag_ms,1
100,0,622,lag_ms,1
100,0,623,lag_ms,0
100,0,624,lag_ms,0
100,0,625,lag_ms,0
100,0,626,lag_ms,0
100,0,627,lag_ms,1
100,0,628,lag_ms,1
100,0,629,lag_ms,1
100,0,630,lag_ms,1
100,0,631,lag_ms,1
100,0,632,lag_ms,1
100,0,633,lag_ms,1
100,0,634,lag_ms,1
100,0,635,lag_ms,0
100,0,636,lag_ms,0
100,0,637,lag_ms,0
100,0,638,lag_ms,0
100,0,639,lag_ms,1
100,0,640,lag_ms,1
100,0,641,lag_ms,1
100,0,642,lag_ms,1
100,0,643,lag_ms,0
100,0,644,lag_ms,0
100,0,645,lag_ms,1
100,0,646,lag_ms,0
100,0,647,lag_ms,1
100,0,648,lag_ms,1
100,0,649,lag_ms,1
100,0,650,lag_ms,1
100,0,651,lag_ms,0
100,0,652,lag_ms,0
100,0,653,lag_ms,1
100,0,654,lag_ms,1
100,0,655,lag_ms,0
100,0,656,lag_ms,1
100,0,657,lag_ms,0
100,0,658,lag_ms,0
100,0,659,lag_ms,1
100,0,660,lag_ms,1
100,0,661,lag_ms,0
100,0,662,lag_ms,1
100,0,663,lag_ms,1
100,0,664,lag_ms,1
100,0,665,lag_ms,1
100,0,666,lag_ms,0
100,0,667,lag_ms,0
100,0,668,lag_ms,0
100,0,669,lag_ms,0
100,0,670,lag_ms,1
100,0,671,lag_ms,1
100,0,672,lag_ms,0
100,0,673,lag_ms,1
100,0,674,lag_ms,1
100,0,675,lag_ms,1
100,0,676,lag_ms,1
100,0,677,lag_ms,1
100,0,678,lag_ms,0
100,0,679,lag_ms,75
100,0,680,lag_ms,0
100,0,681,lag_ms,1
100,0,682,lag_ms,2
100,0,683,lag_ms,1
100,0,684,lag_ms,17
100,0,685,lag_ms,29
100,0,686,lag_ms,40
100,0,687,lag_ms,5
100,0,688,lag_ms,0
100,0,689,lag_ms,28
100,0,690,lag_ms,1
100,0,691,lag_ms,0
100,0,692,lag_ms,0
100,0,693,lag_ms,0
100,0,694,lag_ms,1
100,0,695,lag_ms,2
100,0,696,lag_ms,0
100,0,697,lag_ms,0
100,0,698,lag_ms,0
100,0,699,lag_ms,1
100,0,700,lag_ms,1
100,0,701,lag_ms,0
100,0,702,lag_ms,0
100,0,703,lag_ms,0
100,0,704,lag_ms,1
100,0,705,lag_ms,0
100,0,706,lag_ms,1
100,0,707,lag_ms,1
100,0,708,lag_ms,1
100,0,709,lag_ms,0
100,0,710,lag_ms,0
100,0,711,lag_ms,1
100,0,712,lag_ms,1
100,0,713,lag_ms,1
100,0,714,lag_ms,1
100,0,715,lag_ms,0
100,0,716,lag_ms,1
100,0,717,lag_ms,1
100,0,718,lag_ms,1
100,0,719,lag_ms,2
100,0,720,lag_ms,1
100,0,721,lag_ms,1
100,0,722,lag_ms,1
100,0,723,lag_ms,1
100,0,724,lag_ms,0
100,0,725,lag_ms,0
100,0,726,lag_ms,0
100,0,727,lag_ms,0
100,0,728,lag_ms,1
100,0,729,lag_ms,1
100,0,730,lag_ms,1
100,0,731,lag_ms,1
100,0,732,lag_ms,1
100,0,733,lag_ms,0
100,0,734,lag_ms,1
100,0,735,lag_ms,1
100,0,736,lag_ms,1
100,0,737,lag_ms,4
100,0,738,lag_ms,1
100,0,739,lag_ms,1
100,0,740,lag_ms,0
100,0,741,lag_ms,1
100,0,742,lag_ms,0
100,0,743,lag_ms,1
100,0,744,lag_ms,0
100,0,745,lag_ms,2
100,0,746,lag_ms,1
100,0,747,lag_ms,1
100,0,748,lag_ms,0
100,0,749,lag_ms,1
100,0,750,lag_ms,0
100,0,751,lag_ms,1
100,0,752,lag_ms,1
100,0,753,lag_ms,0
100,0,754,lag_ms,0
100,0,755,lag_ms,1
100,0,756,lag_ms,1
100,0,757,lag_ms,1
100,0,758,lag_ms,2
100,0,759,lag_ms,0
100,0,760,lag_ms,1
100,0,761,lag_ms,1
100,0,762,lag_ms,0
100,0,763,lag_ms,1
100,0,764,lag_ms,1
100,0,765,lag_ms,1
100,0,766,lag_ms,0
100,0,767,lag_ms,3
100,0,768,lag_ms,0
100,0,769,lag_ms,0
100,0,770,lag_ms,0
100,0,771,lag_ms,0
100,0,772,lag_ms,0
100,0,773,lag_ms,0
100,0,774,lag_ms,3
100,0,775,lag_ms,1
100,0,776,lag_ms,1
100,0,777,lag_ms,0
100,0,778,lag_ms,1
100,0,779,lag_ms,1
100,0,780,lag_ms,0
100,0,781,lag_ms,1
100,0,782,lag_ms,1
100,0,783,lag_ms,1
100,0,784,lag_ms,0
100,0,785,lag_ms,1
100,0,786,lag_ms,1
100,0,787,lag_ms,0
100,0,788,lag_ms,1
100,0,789,lag_ms,1
100,0,790,lag_ms,1
100,0,791,lag_ms,1
100,0,792,lag_ms,0
100,0,793,lag_ms,1
100,0,794,lag_ms,0
100,0,795,lag_ms,0
100,0,796,lag_ms,1
100,0,797,lag_ms,1
100,0,798,lag_ms,0
100,0,799,lag_ms,1
100,0,800,lag_ms,0
100,0,801,lag_ms,1
100,0,802,lag_ms,0
100,0,803,lag_ms,0
100,0,804,lag_ms,1
100,0,805,lag_ms,1
100,0,806,lag_ms,1
100,0,807,lag_ms,1
100,0,808,lag_ms,1
100,0,809,lag_ms,1
100,0,810,lag_ms,0
100,0,811,lag_ms,1
100,0,812,lag_ms,0
100,0,813,lag_ms,1
100,0,814,lag_ms,2
100,0,815,lag_ms,1
100,0,816,lag_ms,0
100,0,817,lag_ms,1
100,0,818,lag_ms,0
100,0,819,lag_ms,1
100,0,820,lag_ms,0
100,0,821,lag_ms,0
100,0,822,lag_ms,0
100,0,823,lag_ms,1
100,0,824,lag_ms,1
100,0,825,lag_ms,1
100,0,826,lag_ms,0
100,0,827,lag_ms,1
100,0,828,lag_ms,0
100,0,829,lag_ms,0
100,0,830,lag_ms,0
100,0,831,lag_ms,0
100,0,832,lag_ms,1
100,0,833,lag_ms,0
100,0,834,lag_ms,1
100,0,835,lag_ms,1
100,0,836,lag_ms,1
100,0,837,lag_ms,1
100,0,838,lag_ms,1
100,0,839,lag_ms,1
100,0,840,lag_ms,0
100,0,841,lag_ms,0
100,0,842,lag_ms,1
100,0,843,lag_ms,1
100,0,844,lag_ms,0
100,0,845,lag_ms,1
100,0,846,lag_ms,0
100,0,847,lag_ms,2
100,0,848,lag_ms,1
100,0,849,lag_ms,1
100,0,850,lag_ms,0
100,0,851,lag_ms,1
100,0,852,lag_ms,1
100,0,853,lag_ms,3
100,0,854,lag_ms,3
100,0,855,lag_ms,3
100,0,856,lag_ms,0
100,0,857,lag_ms,2
100,0,858,lag_ms,0
100,0,859,lag_ms,1
100,0,860,lag_ms,1
100,0,861,lag_ms,1
100,0,862,lag_ms,0
100,0,863,lag_ms,2
100,0,864,lag_ms,1
100,0,865,lag_ms,1
100,0,866,lag_ms,1
100,0,867,lag_ms,0
100,0,868,lag_ms,0
100,0,869,lag_ms,0
100,0,870,lag_ms,0
100,0,871,lag_ms,0
100,0,872,lag_ms,5
100,0,873,lag_ms,1
100,0,874,lag_ms,0
100,0,875,lag_ms,1
100,0,876,lag_ms,0
100,0,877,lag_ms,1
100,0,878,lag_ms,1
100,0,879,lag_ms,1
100,0,880,lag_ms,1
100,0,881,lag_ms,2
100,0,882,lag_ms,1
100,0,883,lag_ms,1
100,0,884,lag_ms,1
100,0,885,lag_ms,0
100,0,886,lag_ms,0
100,0,887,lag_ms,17
100,0,888,lag_ms,1
100,0,889,lag_ms,0
100,0,890,lag_ms,0
100,0,891,lag_ms,2
100,0,892,lag_ms,1
100,0,893,lag_ms,1
100,0,894,lag_ms,1
100,0,895,lag_ms,1
100,0,896,lag_ms,1
100,0,897,lag_ms,1
100,0,898,lag_ms,1
100,0,899,lag_ms,2
100,0,900,lag_ms,1
100,0,901,lag_ms,0
100,0,902,lag_ms,1
100,0,903,lag_ms,1
100,0,904,lag_ms,0
100,0,905,lag_ms,1
100,0,906,lag_ms,1
100,0,907,lag_ms,2
100,0,908,lag_ms,0
100,0,909,lag_ms,2
100,0,910,lag_ms,0
100,0,911,lag_ms,0
100,0,912,lag_ms,1
100,0,913,lag_ms,1
100,0,914,lag_ms,1
100,0,915,lag_ms,1
100,0,916,lag_ms,1
100,0,917,lag_ms,4
100,0,918,lag_ms,1
100,0,919,lag_ms,1
100,0,920,lag_ms,1
100,0,921,lag_ms,1
100,0,922,lag_ms,1
100,0,923,lag_ms,0
100,0,924,lag_ms,5
100,0,925,lag_ms,1
100,0,926,lag_ms,1
100,0,927,lag_ms,0
100,0,928,lag_ms,1
100,0,929,lag_ms,4
100,0,930,lag_ms,1
100,0,931,lag_ms,1
100,0,932,lag_ms,1
100,0,933,lag_ms,1
100,0,934,lag_ms,1
100,0,935,lag_ms,0
100,0,936,lag_ms,1
100,0,937,lag_ms,1
100,0,938,lag_ms,1
100,0,939,lag_ms,0
100,0,940,lag_ms,1
100,0,941,lag_ms,0
100,0,942,lag_ms,2
100,0,943,lag_ms,0
100,0,944,lag_ms,1
100,0,945,lag_ms,0
100,0,946,lag_ms,1
100,0,947,lag_ms,1
100,0,948,lag_ms,0
100,0,949,lag_ms,1
100,0,950,lag_ms,3
100,0,951,lag_ms,0
100,0,952,lag_ms,0
100,0,953,lag_ms,0
100,0,954,lag_ms,0
100,0,955,lag_ms,1
100,0,956,lag_ms,1
100,0,957,lag_ms,1
100,0,958,lag_ms,0
100,0,959,lag_ms,0
100,0,960,lag_ms,1
100,0,961,lag_ms,0
100,0,962,lag_ms,1
100,0,963,lag_ms,0
100,0,964,lag_ms,0
100,0,965,lag_ms,0
100,0,966,lag_ms,1
100,0,967,lag_ms,0
100,0,968,lag_ms,1
100,0,969,lag_ms,0
100,0,970,lag_ms,0
100,0,971,lag_ms,0
100,0,972,lag_ms,0
100,0,973,lag_ms,2
100,0,974,lag_ms,1
100,0,975,lag_ms,1
100,0,976,lag_ms,1
100,0,977,lag_ms,1
100,0,978,lag_ms,3
100,0,979,lag_ms,1
100,0,980,lag_ms,1
100,0,981,lag_ms,1
100,0,982,lag_ms,1
100,0,983,lag_ms,1
100,0,984,lag_ms,1
100,0,985,lag_ms,1
100,0,986,lag_ms,1
100,0,987,lag_ms,1
100,0,988,lag_ms,1
100,0,989,lag_ms,0
100,0,990,lag_ms,1
100,0,991,lag_ms,1
100,0,992,lag_ms,0
100,0,993,lag_ms,1
100,0,994,lag_ms,0
100,0,995,lag_ms,1
100,0,996,lag_ms,1
100,0,997,lag_ms,1
100,0,998,lag_ms,1
100,0,999,lag_ms,1
100,0,1000,total_ms,114605
300,0,0,lag_ms,3
300,0,1,lag_ms,0
300,0,2,lag_ms,1
300,0,3,lag_ms,1
300,0,4,lag_ms,1
300,0,5,lag_ms,1
300,0,6,lag_ms,2
300,0,7,lag_ms,1
300,0,8,lag_ms,0
300,0,9,lag_ms,1
300,0,10,lag_ms,1
300,0,11,lag_ms,0
300,0,12,lag_ms,2
300,0,13,lag_ms,3
300,0,14,lag_ms,0
300,0,15,lag_ms,2
300,0,16,lag_ms,1
300,0,17,lag_ms,0
300,0,18,lag_ms,1
300,0,19,lag_ms,0
300,0,20,lag_ms,1
300,0,21,lag_ms,1
300,0,22,lag_ms,1
300,0,23,lag_ms,1
300,0,24,lag_ms,1
300,0,25,lag_ms,1
300,0,26,lag_ms,1
300,0,27,lag_ms,0
300,0,28,lag_ms,1
300,0,29,lag_ms,1
300,0,30,lag_ms,1
300,0,31,lag_ms,1
300,0,32,lag_ms,1
300,0,33,lag_ms,1
300,0,34,lag_ms,5
300,0,35,lag_ms,0
300,0,36,lag_ms,2
300,0,37,lag_ms,1
300,0,38,lag_ms,1
300,0,39,lag_ms,2
300,0,40,lag_ms,1
300,0,41,lag_ms,5
300,0,42,lag_ms,0
300,0,43,lag_ms,0
300,0,44,lag_ms,1
300,0,45,lag_ms,1
300,0,46,lag_ms,1
300,0,47,lag_ms,0
300,0,48,lag_ms,6
300,0,49,lag_ms,1
300,0,50,lag_ms,0
300,0,51,lag_ms,1
300,0,52,lag_ms,1
300,0,53,lag_ms,4
300,0,54,lag_ms,5
300,0,55,lag_ms,1
300,0,56,lag_ms,1
300,0,57,lag_ms,2
300,0,58,lag_ms,123
300,0,59,lag_ms,28
300,0,60,lag_ms,1
300,0,61,lag_ms,5
300,0,62,lag_ms,0
300,0,63,lag_ms,73
300,0,64,lag_ms,3
300,0,65,lag_ms,94
300,0,66,lag_ms,3
300,0,67,lag_ms,0
300,0,68,lag_ms,5
300,0,69,lag_ms,1
300,0,70,lag_ms,1
300,0,71,lag_ms,1
300,0,72,lag_ms,165
300,0,73,lag_ms,35
300,0,74,lag_ms,0
300,0,75,lag_ms,1
300,0,76,lag_ms,3
300,0,77,lag_ms,0
300,0,78,lag_ms,0
300,0,79,lag_ms,1
300,0,80,lag_ms,1
300,0,81,lag_ms,0
300,0,82,lag_ms,3
300,0,83,lag_ms,1
300,0,84,lag_ms,0
300,0,85,lag_ms,0
300,0,86,lag_ms,1
300,0,87,lag_ms,0
300,0,88,lag_ms,1
300,0,89,lag_ms,1
300,0,90,lag_ms,0
300,0,91,lag_ms,0
300,0,92,lag_ms,1
300,0,93,lag_ms,0
300,0,94,lag_ms,0
300,0,95,lag_ms,0
300,0,96,lag_ms,1
300,0,97,lag_ms,2
300,0,98,lag_ms,2
300,0,99,lag_ms,0
300,0,100,lag_ms,2
300,0,101,lag_ms,4
300,0,102,lag_ms,1
300,0,103,lag_ms,1
300,0,104,lag_ms,1
300,0,105,lag_ms,1
300,0,106,lag_ms,4
300,0,107,lag_ms,1
300,0,108,lag_ms,1
300,0,109,lag_ms,1
300,0,110,lag_ms,0
300,0,111,lag_ms,1
300,0,112,lag_ms,1
300,0,113,lag_ms,1
300,0,114,lag_ms,3
300,0,115,lag_ms,3
300,0,116,lag_ms,0
300,0,117,lag_ms,1
300,0,118,lag_ms,0
300,0,119,lag_ms,1
300,0,120,lag_ms,1
300,0,121,lag_ms,1
300,0,122,lag_ms,0
300,0,123,lag_ms,1
300,0,124,lag_ms,0
300,0,125,lag_ms,0
300,0,126,lag_ms,0
300,0,127,lag_ms,0
300,0,128,lag_ms,0
300,0,129,lag_ms,1
300,0,130,lag_ms,1
300,0,131,lag_ms,1
300,0,132,lag_ms,0
300,0,133,lag_ms,0
300,0,134,lag_ms,1
300,0,135,lag_ms,0
300,0,136,lag_ms,0
300,0,137,lag_ms,1
300,0,138,lag_ms,1
300,0,139,lag_ms,0
300,0,140,lag_ms,1
300,0,141,lag_ms,1
300,0,142,lag_ms,1
300,0,143,lag_ms,2
300,0,144,lag_ms,1
300,0,145,lag_ms,0
300,0,146,lag_ms,1
300,0,147,lag_ms,1
300,0,148,lag_ms,2
300,0,149,lag_ms,1
300,0,150,lag_ms,0
300,0,151,lag_ms,1
300,0,152,lag_ms,1
300,0,153,lag_ms,0
300,0,154,lag_ms,1
300,0,155,lag_ms,1
300,0,156,lag_ms,1
300,0,157,lag_ms,1
300,0,158,lag_ms,1
300,0,159,lag_ms,0
300,0,160,lag_ms,1
300,0,161,lag_ms,1
300,0,162,lag_ms,0
300,0,163,lag_ms,0
300,0,164,lag_ms,1
300,0,165,lag_ms,1
300,0,166,lag_ms,1
300,0,167,lag_ms,1
300,0,168,lag_ms,1
300,0,169,lag_ms,1
300,0,170,lag_ms,1
300,0,171,lag_ms,3
300,0,172,lag_ms,5
300,0,173,lag_ms,3
300,0,174,lag_ms,1
300,0,175,lag_ms,0
300,0,176,lag_ms,1
300,0,177,lag_ms,2
300,0,178,lag_ms,1
300,0,179,lag_ms,1
300,0,180,lag_ms,0
300,0,181,lag_ms,2
300,0,182,lag_ms,2
300,0,183,lag_ms,1
300,0,184,lag_ms,3
300,0,185,lag_ms,0
300,0,186,lag_ms,1
300,0,187,lag_ms,1
300,0,188,lag_ms,1
300,0,189,lag_ms,2
300,0,190,lag_ms,3
300,0,191,lag_ms,1
300,0,192,lag_ms,0
300,0,193,lag_ms,1
300,0,194,lag_ms,3
300,0,195,lag_ms,7
300,0,196,lag_ms,1
300,0,197,lag_ms,0
300,0,198,lag_ms,1
300,0,199,lag_ms,3
300,0,200,lag_ms,1
300,0,201,lag_ms,3
300,0,202,lag_ms,1
300,0,203,lag_ms,1
300,0,204,lag_ms,0
300,0,205,lag_ms,3
300,0,206,lag_ms,1
300,0,207,lag_ms,2
300,0,208,lag_ms,1
300,0,209,lag_ms,1
300,0,210,lag_ms,1
300,0,211,lag_ms,1
300,0,212,lag_ms,0
300,0,213,lag_ms,1
300,0,214,lag_ms,1
300,0,215,lag_ms,3
300,0,216,lag_ms,1
300,0,217,lag_ms,1
300,0,218,lag_ms,1
300,0,219,lag_ms,1
300,0,220,lag_ms,2
300,0,221,lag_ms,1
300,0,222,lag_ms,1
300,0,223,lag_ms,1
300,0,224,lag_ms,4
300,0,225,lag_ms,0
300,0,226,lag_ms,1
300,0,227,lag_ms,0
300,0,228,lag_ms,1
300,0,229,lag_ms,1
300,0,230,lag_ms,0
300,0,231,lag_ms,1
300,0,232,lag_ms,1
300,0,233,lag_ms,1
300,0,234,lag_ms,0
300,0,235,lag_ms,3
300,0,236,lag_ms,1
300,0,237,lag_ms,1
300,0,238,lag_ms,1
300,0,239,lag_ms,0
300,0,240,lag_ms,1
300,0,241,lag_ms,0
300,0,242,lag_ms,2
300,0,243,lag_ms,0
300,0,244,lag_ms,1
300,0,245,lag_ms,1
300,0,246,lag_ms,0
300,0,247,lag_ms,0
300,0,248,lag_ms,1
300,0,249,lag_ms,1
300,0,250,lag_ms,1
300,0,251,lag_ms,1
300,0,252,lag_ms,3
300,0,253,lag_ms,1
300,0,254,lag_ms,1
300,0,255,lag_ms,1
300,0,256,lag_ms,1
300,0,257,lag_ms,1
300,0,258,lag_ms,1
300,0,259,lag_ms,1
300,0,260,lag_ms,1
300,0,261,lag_ms,1
300,0,262,lag_ms,1
300,0,263,lag_ms,0
300,0,264,lag_ms,1
300,0,265,lag_ms,1
300,0,266,lag_ms,2
300,0,267,lag_ms,1
300,0,268,lag_ms,0
300,0,269,lag_ms,1
300,0,270,lag_ms,1
300,0,271,lag_ms,0
300,0,272,lag_ms,1
300,0,273,lag_ms,0
300,0,274,lag_ms,3
300,0,275,lag_ms,5
300,0,276,lag_ms,6
300,0,277,lag_ms,1
300,0,278,lag_ms,1
300,0,279,lag_ms,4
300,0,280,lag_ms,1
300,0,281,lag_ms,2
300,0,282,lag_ms,0
300,0,283,lag_ms,1
300,0,284,lag_ms,1
300,0,285,lag_ms,0
300,0,286,lag_ms,1
300,0,287,lag_ms,1
300,0,288,lag_ms,1
300,0,289,lag_ms,0
300,0,290,lag_ms,2
300,0,291,lag_ms,1
300,0,292,lag_ms,3
300,0,293,lag_ms,1
300,0,294,lag_ms,1
300,0,295,lag_ms,1
300,0,296,lag_ms,1
300,0,297,lag_ms,1
300,0,298,lag_ms,0
300,0,299,lag_ms,0
300,0,300,lag_ms,1
300,0,301,lag_ms,1
300,0,302,lag_ms,0
300,0,303,lag_ms,1
300,0,304,lag_ms,1
300,0,305,lag_ms,1
300,0,306,lag_ms,1
300,0,307,lag_ms,0
300,0,308,lag_ms,2
300,0,309,lag_ms,0
300,0,310,lag_ms,1
300,0,311,lag_ms,0
300,0,312,lag_ms,1
300,0,313,lag_ms,0
300,0,314,lag_ms,0
300,0,315,lag_ms,0
300,0,316,lag_ms,1
300,0,317,lag_ms,1
300,0,318,lag_ms,6
300,0,319,lag_ms,1
300,0,320,lag_ms,1
300,0,321,lag_ms,0
300,0,322,lag_ms,1
300,0,323,lag_ms,1
300,0,324,lag_ms,1
300,0,325,lag_ms,1
300,0,326,lag_ms,0
300,0,327,lag_ms,1
300,0,328,lag_ms,1
300,0,329,lag_ms,2
300,0,330,lag_ms,1
300,0,331,lag_ms,1
300,0,332,lag_ms,1
300,0,333,lag_ms,1
300,0,334,lag_ms,1
300,0,335,lag_ms,1
300,0,336,lag_ms,1
300,0,337,lag_ms,0
300,0,338,lag_ms,1
300,0,339,lag_ms,0
300,0,340,lag_ms,0
300,0,341,lag_ms,2
300,0,342,lag_ms,0
300,0,343,lag_ms,1
300,0,344,lag_ms,1
300,0,345,lag_ms,0
300,0,346,lag_ms,1
300,0,347,lag_ms,1
300,0,348,lag_ms,0
300,0,349,lag_ms,1
300,0,350,lag_ms,1
300,0,351,lag_ms,1
300,0,352,lag_ms,1
300,0,353,lag_ms,4
300,0,354,lag_ms,0
300,0,355,lag_ms,0
300,0,356,lag_ms,0
300,0,357,lag_ms,1
300,0,358,lag_ms,1
300,0,359,lag_ms,1
300,0,360,lag_ms,1
300,0,361,lag_ms,5
300,0,362,lag_ms,0
300,0,363,lag_ms,2
300,0,364,lag_ms,0
300,0,365,lag_ms,1
300,0,366,lag_ms,1
300,0,367,lag_ms,1
300,0,368,lag_ms,1
300,0,369,lag_ms,1
300,0,370,lag_ms,1
300,0,371,lag_ms,0
300,0,372,lag_ms,1
300,0,373,lag_ms,1
300,0,374,lag_ms,1
300,0,375,lag_ms,1
300,0,376,lag_ms,1
300,0,377,lag_ms,0
300,0,378,lag_ms,0
300,0,379,lag_ms,1
300,0,380,lag_ms,0
300,0,381,lag_ms,2
300,0,382,lag_ms,0
300,0,383,lag_ms,1
300,0,384,lag_ms,1
300,0,385,lag_ms,1
300,0,386,lag_ms,1
300,0,387,lag_ms,1
300,0,388,lag_ms,1
300,0,389,lag_ms,1
300,0,390,lag_ms,0
300,0,391,lag_ms,0
300,0,392,lag_ms,1
300,0,393,lag_ms,1
300,0,394,lag_ms,1
300,0,395,lag_ms,1
300,0,396,lag_ms,1
300,0,397,lag_ms,1
300,0,398,lag_ms,1
300,0,399,lag_ms,0
300,0,400,lag_ms,1
300,0,401,lag_ms,1
300,0,402,lag_ms,1
300,0,403,lag_ms,1
300,0,404,lag_ms,1
300,0,405,lag_ms,1
300,0,406,lag_ms,12
300,0,407,lag_ms,1
300,0,408,lag_ms,1
300,0,409,lag_ms,1
300,0,410,lag_ms,1
300,0,411,lag_ms,1
300,0,412,lag_ms,0
300,0,413,lag_ms,1
300,0,414,lag_ms,0
300,0,415,lag_ms,0
300,0,416,lag_ms,0
300,0,417,lag_ms,1
300,0,418,lag_ms,0
300,0,419,lag_ms,1
300,0,420,lag_ms,1
300,0,421,lag_ms,4
300,0,422,lag_ms,1
300,0,423,lag_ms,4
300,0,424,lag_ms,3
300,0,425,lag_ms,4
300,0,426,lag_ms,10
300,0,427,lag_ms,6
300,0,428,lag_ms,1
300,0,429,lag_ms,1
300,0,430,lag_ms,0
300,0,431,lag_ms,1
300,0,432,lag_ms,1
300,0,433,lag_ms,1
300,0,434,lag_ms,82
300,0,435,lag_ms,17
300,0,436,lag_ms,8
300,0,437,lag_ms,1
300,0,438,lag_ms,1
300,0,439,lag_ms,0
300,0,440,lag_ms,1
300,0,441,lag_ms,0
300,0,442,lag_ms,0
300,0,443,lag_ms,1
300,0,444,lag_ms,1
300,0,445,lag_ms,1
300,0,446,lag_ms,0
300,0,447,lag_ms,1
300,0,448,lag_ms,1
300,0,449,lag_ms,2
300,0,450,lag_ms,2
300,0,451,lag_ms,1
300,0,452,lag_ms,1
300,0,453,lag_ms,0
300,0,454,lag_ms,1
300,0,455,lag_ms,1
300,0,456,lag_ms,2
300,0,457,lag_ms,1
300,0,458,lag_ms,1
300,0,459,lag_ms,0
300,0,460,lag_ms,0
300,0,461,lag_ms,1
300,0,462,lag_ms,1
300,0,463,lag_ms,1
300,0,464,lag_ms,1
300,0,465,lag_ms,1
300,0,466,lag_ms,1
300,0,467,lag_ms,2
300,0,468,lag_ms,2
300,0,469,lag_ms,1
300,0,470,lag_ms,2
300,0,471,lag_ms,0
300,0,472,lag_ms,0
300,0,473,lag_ms,1
300,0,474,lag_ms,2
300,0,475,lag_ms,0
300,0,476,lag_ms,1
300,0,477,lag_ms,0
300,0,478,lag_ms,1
300,0,479,lag_ms,3
300,0,480,lag_ms,8
300,0,481,lag_ms,1
300,0,482,lag_ms,1
300,0,483,lag_ms,3
300,0,484,lag_ms,6
300,0,485,lag_ms,2
300,0,486,lag_ms,1
300,0,487,lag_ms,1
300,0,488,lag_ms,1
300,0,489,lag_ms,3
300,0,490,lag_ms,6
300,0,491,lag_ms,1
300,0,492,lag_ms,1
300,0,493,lag_ms,0
300,0,494,lag_ms,1
300,0,495,lag_ms,1
300,0,496,lag_ms,1
300,0,497,lag_ms,1
300,0,498,lag_ms,1
300,0,499,lag_ms,0
300,0,500,lag_ms,1
300,0,501,lag_ms,1
300,0,502,lag_ms,1
300,0,503,lag_ms,2
300,0,504,lag_ms,1
300,0,505,lag_ms,1
300,0,506,lag_ms,1
300,0,507,lag_ms,2
300,0,508,lag_ms,1
300,0,509,lag_ms,3
300,0,510,lag_ms,1
300,0,511,lag_ms,1
300,0,512,lag_ms,1
300,0,513,lag_ms,2
300,0,514,lag_ms,2
300,0,515,lag_ms,1
300,0,516,lag_ms,3
300,0,517,lag_ms,1
300,0,518,lag_ms,1
300,0,519,lag_ms,0
300,0,520,lag_ms,1
300,0,521,lag_ms,1
300,0,522,lag_ms,0
300,0,523,lag_ms,1
300,0,524,lag_ms,1
300,0,525,lag_ms,1
300,0,526,lag_ms,1
300,0,527,lag_ms,0
300,0,528,lag_ms,3
300,0,529,lag_ms,2
300,0,530,lag_ms,5
300,0,531,lag_ms,1
300,0,532,lag_ms,1
300,0,533,lag_ms,1
300,0,534,lag_ms,0
300,0,535,lag_ms,1
300,0,536,lag_ms,4
300,0,537,lag_ms,0
300,0,538,lag_ms,2
300,0,539,lag_ms,0
300,0,540,lag_ms,4
300,0,541,lag_ms,11
300,0,542,lag_ms,1
300,0,543,lag_ms,1
300,0,544,lag_ms,1
300,0,545,lag_ms,2
300,0,546,lag_ms,1
300,0,547,lag_ms,1
300,0,548,lag_ms,1
300,0,549,lag_ms,0
300,0,550,lag_ms,1
300,0,551,lag_ms,1
300,0,552,lag_ms,1
300,0,553,lag_ms,1
300,0,554,lag_ms,1
300,0,555,lag_ms,1
300,0,556,lag_ms,1
300,0,557,lag_ms,1
300,0,558,lag_ms,1
300,0,559,lag_ms,1
300,0,560,lag_ms,2
300,0,561,lag_ms,1
300,0,562,lag_ms,1
300,0,563,lag_ms,1
300,0,564,lag_ms,3
300,0,565,lag_ms,1
300,0,566,lag_ms,0
300,0,567,lag_ms,2
300,0,568,lag_ms,1
300,0,569,lag_ms,1
300,0,570,lag_ms,0
300,0,571,lag_ms,0
300,0,572,lag_ms,0
300,0,573,lag_ms,1
300,0,574,lag_ms,1
300,0,575,lag_ms,4
300,0,576,lag_ms,1
300,0,577,lag_ms,0
300,0,578,lag_ms,0
300,0,579,lag_ms,1
300,0,580,lag_ms,1
300,0,581,lag_ms,1
300,0,582,lag_ms,1
300,0,583,lag_ms,4
300,0,584,lag_ms,1
300,0,585,lag_ms,4
300,0,586,lag_ms,1
300,0,587,lag_ms,1
300,0,588,lag_ms,1
300,0,589,lag_ms,1
300,0,590,lag_ms,1
300,0,591,lag_ms,2
300,0,592,lag_ms,2
300,0,593,lag_ms,1
300,0,594,lag_ms,1
300,0,595,lag_ms,0
300,0,596,lag_ms,1
300,0,597,lag_ms,19
300,0,598,lag_ms,2
300,0,599,lag_ms,1
300,0,600,lag_ms,1
300,0,601,lag_ms,1
300,0,602,lag_ms,0
300,0,603,lag_ms,2
300,0,604,lag_ms,1
300,0,605,lag_ms,1
300,0,606,lag_ms,6
300,0,607,lag_ms,1
300,0,608,lag_ms,1
300,0,609,lag_ms,1
300,0,610,lag_ms,1
300,0,611,lag_ms,1
300,0,612,lag_ms,1
300,0,613,lag_ms,3
300,0,614,lag_ms,1
300,0,615,lag_ms,1
300,0,616,lag_ms,1
300,0,617,lag_ms,1
300,0,618,lag_ms,1
300,0,619,lag_ms,2
300,0,620,lag_ms,1
300,0,621,lag_ms,1
300,0,622,lag_ms,1
300,0,623,lag_ms,0
300,0,624,lag_ms,1
300,0,625,lag_ms,1
300,0,626,lag_ms,0
300,0,627,lag_ms,1
300,0,628,lag_ms,2
300,0,629,lag_ms,0
300,0,630,lag_ms,1
300,0,631,lag_ms,1
300,0,632,lag_ms,1
300,0,633,lag_ms,0
300,0,634,lag_ms,1
300,0,635,lag_ms,2
300,0,636,lag_ms,1
300,0,637,lag_ms,1
300,0,638,lag_ms,1
300,0,639,lag_ms,1
300,0,640,lag_ms,0
300,0,641,lag_ms,2
300,0,642,lag_ms,2
300,0,643,lag_ms,1
300,0,644,lag_ms,1
300,0,645,lag_ms,0
300,0,646,lag_ms,1
300,0,647,lag_ms,0
300,0,648,lag_ms,5
300,0,649,lag_ms,1
300,0,650,lag_ms,3
300,0,651,lag_ms,2
300,0,652,lag_ms,1
300,0,653,lag_ms,1
300,0,654,lag_ms,1
300,0,655,lag_ms,0
300,0,656,lag_ms,1
300,0,657,lag_ms,1
300,0,658,lag_ms,0
300,0,659,lag_ms,3
300,0,660,lag_ms,6
300,0,661,lag_ms,1
300,0,662,lag_ms,4
300,0,663,lag_ms,3
300,0,664,lag_ms,1
300,0,665,lag_ms,2
300,0,666,lag_ms,3
300,0,667,lag_ms,5
300,0,668,lag_ms,0
300,0,669,lag_ms,3
300,0,670,lag_ms,5
300,0,671,lag_ms,1
300,0,672,lag_ms,3
300,0,673,lag_ms,7
300,0,674,lag_ms,6
300,0,675,lag_ms,1
300,0,676,lag_ms,0
300,0,677,lag_ms,3
300,0,678,lag_ms,3
300,0,679,lag_ms,1
300,0,680,lag_ms,1
300,0,681,lag_ms,3
300,0,682,lag_ms,1
300,0,683,lag_ms,1
300,0,684,lag_ms,1
300,0,685,lag_ms,3
300,0,686,lag_ms,5
300,0,687,lag_ms,4
300,0,688,lag_ms,1
300,0,689,lag_ms,3
300,0,690,lag_ms,6
300,0,691,lag_ms,1
300,0,692,lag_ms,3
300,0,693,lag_ms,1
300,0,694,lag_ms,0
300,0,695,lag_ms,0
300,0,696,lag_ms,1
300,0,697,lag_ms,1
300,0,698,lag_ms,0
300,0,699,lag_ms,0
300,0,700,lag_ms,1
300,0,701,lag_ms,1
300,0,702,lag_ms,1
300,0,703,lag_ms,3
300,0,704,lag_ms,1
300,0,705,lag_ms,5
300,0,706,lag_ms,1
300,0,707,lag_ms,1
300,0,708,lag_ms,2
300,0,709,lag_ms,1
300,0,710,lag_ms,1
300,0,711,lag_ms,1
300,0,712,lag_ms,3
300,0,713,lag_ms,1
300,0,714,lag_ms,0
300,0,715,lag_ms,1
300,0,716,lag_ms,1
300,0,717,lag_ms,1
300,0,718,lag_ms,1
300,0,719,lag_ms,2
300,0,720,lag_ms,4
300,0,721,lag_ms,1
300,0,722,lag_ms,1
300,0,723,lag_ms,8
300,0,724,lag_ms,1
300,0,725,lag_ms,1
300,0,726,lag_ms,1
300,0,727,lag_ms,2
300,0,728,lag_ms,0
300,0,729,lag_ms,0
300,0,730,lag_ms,1
300,0,731,lag_ms,0
300,0,732,lag_ms,0
300,0,733,lag_ms,1
300,0,734,lag_ms,1
300,0,735,lag_ms,1
300,0,736,lag_ms,2
300,0,737,lag_ms,1
300,0,738,lag_ms,1
300,0,739,lag_ms,3
300,0,740,lag_ms,3
300,0,741,lag_ms,4
300,0,742,lag_ms,2
300,0,743,lag_ms,4
300,0,744,lag_ms,1
300,0,745,lag_ms,3
300,0,746,lag_ms,1
300,0,747,lag_ms,1
300,0,748,lag_ms,4
300,0,749,lag_ms,4
300,0,750,lag_ms,1
300,0,751,lag_ms,3
300,0,752,lag_ms,1
300,0,753,lag_ms,3
300,0,754,lag_ms,1
300,0,755,lag_ms,1
300,0,756,lag_ms,1
300,0,757,lag_ms,4
300,0,758,lag_ms,5
300,0,759,lag_ms,1
300,0,760,lag_ms,1
300,0,761,lag_ms,2
300,0,762,lag_ms,5
300,0,763,lag_ms,2
300,0,764,lag_ms,4
300,0,765,lag_ms,7
300,0,766,lag_ms,6
300,0,767,lag_ms,0
300,0,768,lag_ms,1
300,0,769,lag_ms,3
300,0,770,lag_ms,10
300,0,771,lag_ms,5
300,0,772,lag_ms,1
300,0,773,lag_ms,3
300,0,774,lag_ms,1
300,0,775,lag_ms,2
300,0,776,lag_ms,0
300,0,777,lag_ms,3
300,0,778,lag_ms,0
300,0,779,lag_ms,2
300,0,780,lag_ms,1
300,0,781,lag_ms,1
300,0,782,lag_ms,1
300,0,783,lag_ms,2
300,0,784,lag_ms,1
300,0,785,lag_ms,3
300,0,786,lag_ms,1
300,0,787,lag_ms,2
300,0,788,lag_ms,4
300,0,789,lag_ms,4
300,0,790,lag_ms,5
300,0,791,lag_ms,1
300,0,792,lag_ms,3
300,0,793,lag_ms,5
300,0,794,lag_ms,10
300,0,795,lag_ms,5
300,0,796,lag_ms,1
300,0,797,lag_ms,4
300,0,798,lag_ms,4
300,0,799,lag_ms,1
300,0,800,lag_ms,3
300,0,801,lag_ms,9
300,0,802,lag_ms,7
300,0,803,lag_ms,2
300,0,804,lag_ms,5
300,0,805,lag_ms,4
300,0,806,lag_ms,1
300,0,807,lag_ms,2
300,0,808,lag_ms,0
300,0,809,lag_ms,2
300,0,810,lag_ms,6
300,0,811,lag_ms,0
300,0,812,lag_ms,0
300,0,813,lag_ms,113
300,0,814,lag_ms,5
300,0,815,lag_ms,8
300,0,816,lag_ms,1
300,0,817,lag_ms,1
300,0,818,lag_ms,1
300,0,819,lag_ms,0
300,0,820,lag_ms,1
300,0,821,lag_ms,1
300,0,822,lag_ms,2
300,0,823,lag_ms,1
300,0,824,lag_ms,3
300,0,825,lag_ms,1
300,0,826,lag_ms,3
300,0,827,lag_ms,1
300,0,828,lag_ms,1
300,0,829,lag_ms,1
300,0,830,lag_ms,0
300,0,831,lag_ms,1
300,0,832,lag_ms,2
300,0,833,lag_ms,5
300,0,834,lag_ms,6
300,0,835,lag_ms,0
300,0,836,lag_ms,5
300,0,837,lag_ms,2
300,0,838,lag_ms,2
300,0,839,lag_ms,2
300,0,840,lag_ms,3
300,0,841,lag_ms,1
300,0,842,lag_ms,1
300,0,843,lag_ms,1
300,0,844,lag_ms,1
300,0,845,lag_ms,3
300,0,846,lag_ms,1
300,0,847,lag_ms,3
300,0,848,lag_ms,1
300,0,849,lag_ms,0
300,0,850,lag_ms,0
300,0,851,lag_ms,1
300,0,852,lag_ms,0
300,0,853,lag_ms,0
300,0,854,lag_ms,2
300,0,855,lag_ms,1
300,0,856,lag_ms,1
300,0,857,lag_ms,0
300,0,858,lag_ms,0
300,0,859,lag_ms,1
300,0,860,lag_ms,1
300,0,861,lag_ms,1
300,0,862,lag_ms,2
300,0,863,lag_ms,0
300,0,864,lag_ms,1
300,0,865,lag_ms,1
300,0,866,lag_ms,1
300,0,867,lag_ms,1
300,0,868,lag_ms,1
300,0,869,lag_ms,2
300,0,870,lag_ms,1
300,0,871,lag_ms,1
300,0,872,lag_ms,1
300,0,873,lag_ms,0
300,0,874,lag_ms,2
300,0,875,lag_ms,1
300,0,876,lag_ms,0
300,0,877,lag_ms,1
300,0,878,lag_ms,1
300,0,879,lag_ms,0
300,0,880,lag_ms,1
300,0,881,lag_ms,0
300,0,882,lag_ms,1
300,0,883,lag_ms,1
300,0,884,lag_ms,4
300,0,885,lag_ms,1
300,0,886,lag_ms,3
300,0,887,lag_ms,1
300,0,888,lag_ms,0
300,0,889,lag_ms,1
300,0,890,lag_ms,1
300,0,891,lag_ms,1
300,0,892,lag_ms,1
300,0,893,lag_ms,2
300,0,894,lag_ms,1
300,0,895,lag_ms,3
300,0,896,lag_ms,0
300,0,897,lag_ms,2
300,0,898,lag_ms,1
300,0,899,lag_ms,2
300,0,900,lag_ms,2
300,0,901,lag_ms,1
300,0,902,lag_ms,4
300,0,903,lag_ms,4
300,0,904,lag_ms,1
300,0,905,lag_ms,0
300,0,906,lag_ms,0
300,0,907,lag_ms,1
300,0,908,lag_ms,2
300,0,909,lag_ms,1
300,0,910,lag_ms,7
300,0,911,lag_ms,1
300,0,912,lag_ms,1
300,0,913,lag_ms,1
300,0,914,lag_ms,3
300,0,915,lag_ms,1
300,0,916,lag_ms,2
300,0,917,lag_ms,1
300,0,918,lag_ms,1
300,0,919,lag_ms,1
300,0,920,lag_ms,3
300,0,921,lag_ms,1
300,0,922,lag_ms,3
300,0,923,lag_ms,1
300,0,924,lag_ms,1
300,0,925,lag_ms,1
300,0,926,lag_ms,1
300,0,927,lag_ms,1
300,0,928,lag_ms,1
300,0,929,lag_ms,1
300,0,930,lag_ms,1
300,0,931,lag_ms,2
300,0,932,lag_ms,0
300,0,933,lag_ms,2
300,0,934,lag_ms,1
300,0,935,lag_ms,0
300,0,936,lag_ms,1
300,0,937,lag_ms,1
300,0,938,lag_ms,0
300,0,939,lag_ms,1
300,0,940,lag_ms,1
300,0,941,lag_ms,1
300,0,942,lag_ms,1
300,0,943,lag_ms,1
300,0,944,lag_ms,1
300,0,945,lag_ms,0
300,0,946,lag_ms,3
300,0,947,lag_ms,2
300,0,948,lag_ms,1
300,0,949,lag_ms,1
300,0,950,lag_ms,1
300,0,951,lag_ms,0
300,0,952,lag_ms,1
300,0,953,lag_ms,3
300,0,954,lag_ms,2
300,0,955,lag_ms,5
300,0,956,lag_ms,0
300,0,957,lag_ms,2
300,0,958,lag_ms,3
300,0,959,lag_ms,7
300,0,960,lag_ms,0
300,0,961,lag_ms,1
300,0,962,lag_ms,1
300,0,963,lag_ms,1
300,0,964,lag_ms,3
300,0,965,lag_ms,1
300,0,966,lag_ms,3
300,0,967,lag_ms,5
300,0,968,lag_ms,3
300,0,969,lag_ms,4
300,0,970,lag_ms,4
300,0,971,lag_ms,0
300,0,972,lag_ms,0
300,0,973,lag_ms,0
300,0,974,lag_ms,3
300,0,975,lag_ms,4
300,0,976,lag_ms,5
300,0,977,lag_ms,6
300,0,978,lag_ms,7
300,0,979,lag_ms,1
300,0,980,lag_ms,3
300,0,981,lag_ms,1
300,0,982,lag_ms,3
300,0,983,lag_ms,3
300,0,984,lag_ms,2
300,0,985,lag_ms,8
300,0,986,lag_ms,1
300,0,987,lag_ms,2
300,0,988,lag_ms,0
300,0,989,lag_ms,3
300,0,990,lag_ms,0
300,0,991,lag_ms,2
300,0,992,lag_ms,5
300,0,993,lag_ms,5
300,0,994,lag_ms,4
300,0,995,lag_ms,4
300,0,996,lag_ms,6
300,0,997,lag_ms,0
300,0,998,lag_ms,0
300,0,999,lag_ms,2
300,0,1000,total_ms,316870
0,2,0,lag_ms,0
0,2,1,lag_ms,1
0,2,2,lag_ms,1
0,2,3,lag_ms,3
0,2,4,lag_ms,1
0,2,5,lag_ms,3
0,2,6,lag_ms,8
0,2,7,lag_ms,6
0,2,8,lag_ms,8
0,2,9,lag_ms,0
0,2,10,lag_ms,1
0,2,11,lag_ms,2
0,2,12,lag_ms,1
0,2,13,lag_ms,0
0,2,14,lag_ms,1
0,2,15,lag_ms,1
0,2,16,lag_ms,1
0,2,17,lag_ms,1
0,2,18,lag_ms,1
0,2,19,lag_ms,1
0,2,20,lag_ms,3
0,2,21,lag_ms,1
0,2,22,lag_ms,0
0,2,23,lag_ms,0
0,2,24,lag_ms,1
0,2,25,lag_ms,1
0,2,26,lag_ms,2
0,2,27,lag_ms,1
0,2,28,lag_ms,1
0,2,29,lag_ms,2
0,2,30,lag_ms,1
0,2,31,lag_ms,1
0,2,32,lag_ms,3
0,2,33,lag_ms,0
0,2,34,lag_ms,0
0,2,35,lag_ms,1
0,2,36,lag_ms,1
0,2,37,lag_ms,0
0,2,38,lag_ms,0
0,2,39,lag_ms,1
0,2,40,lag_ms,0
0,2,41,lag_ms,1
0,2,42,lag_ms,1
0,2,43,lag_ms,1
0,2,44,lag_ms,1
0,2,45,lag_ms,1
0,2,46,lag_ms,1
0,2,47,lag_ms,1
0,2,48,lag_ms,1
0,2,49,lag_ms,0
0,2,50,lag_ms,1
0,2,51,lag_ms,2
0,2,52,lag_ms,1
0,2,53,lag_ms,1
0,2,54,lag_ms,1
0,2,55,lag_ms,0
0,2,56,lag_ms,1
0,2,57,lag_ms,2
0,2,58,lag_ms,2
0,2,59,lag_ms,1
0,2,60,lag_ms,1
0,2,61,lag_ms,1
0,2,62,lag_ms,0
0,2,63,lag_ms,0
0,2,64,lag_ms,0
0,2,65,lag_ms,0
0,2,66,lag_ms,0
0,2,67,lag_ms,0
0,2,68,lag_ms,0
0,2,69,lag_ms,0
0,2,70,lag_ms,0
0,2,71,lag_ms,0
0,2,72,lag_ms,0
0,2,73,lag_ms,0
0,2,74,lag_ms,69
0,2,75,lag_ms,51
0,2,76,lag_ms,41
0,2,77,lag_ms,15
0,2,78,lag_ms,7
0,2,79,lag_ms,0
0,2,80,lag_ms,0
0,2,81,lag_ms,0
0,2,82,lag_ms,2
0,2,83,lag_ms,0
0,2,84,lag_ms,0
0,2,85,lag_ms,0
0,2,86,lag_ms,1
0,2,87,lag_ms,0
0,2,88,lag_ms,0
0,2,89,lag_ms,0
0,2,90,lag_ms,1
0,2,91,lag_ms,0
0,2,92,lag_ms,1
0,2,93,lag_ms,1
0,2,94,lag_ms,1
0,2,95,lag_ms,0
0,2,96,lag_ms,1
0,2,97,lag_ms,1
0,2,98,lag_ms,1
0,2,99,lag_ms,1
0,2,100,lag_ms,0
0,2,101,lag_ms,1
0,2,102,lag_ms,1
0,2,103,lag_ms,2
0,2,104,lag_ms,1
0,2,105,lag_ms,1
0,2,106,lag_ms,0
0,2,107,lag_ms,2
0,2,108,lag_ms,1
0,2,109,lag_ms,1
0,2,110,lag_ms,1
0,2,111,lag_ms,1
0,2,112,lag_ms,1
0,2,113,lag_ms,0
0,2,114,lag_ms,1
0,2,115,lag_ms,1
0,2,116,lag_ms,1
0,2,117,lag_ms,1
0,2,118,lag_ms,1
0,2,119,lag_ms,0
0,2,120,lag_ms,1
0,2,121,lag_ms,1
0,2,122,lag_ms,1
0,2,123,lag_ms,4
0,2,124,lag_ms,0
0,2,125,lag_ms,1
0,2,126,lag_ms,1
0,2,127,lag_ms,1
0,2,128,lag_ms,3
0,2,129,lag_ms,0
0,2,130,lag_ms,2
0,2,131,lag_ms,1
0,2,132,lag_ms,0
0,2,133,lag_ms,2
0,2,134,lag_ms,1
0,2,135,lag_ms,1
0,2,136,lag_ms,2
0,2,137,lag_ms,0
0,2,138,lag_ms,1
0,2,139,lag_ms,0
0,2,140,lag_ms,1
0,2,141,lag_ms,0
0,2,142,lag_ms,0
0,2,143,lag_ms,0
0,2,144,lag_ms,1
0,2,145,lag_ms,0
0,2,146,lag_ms,0
0,2,147,lag_ms,0
0,2,148,lag_ms,0
0,2,149,lag_ms,0
0,2,150,lag_ms,17
0,2,151,lag_ms,1
0,2,152,lag_ms,0
0,2,153,lag_ms,1
0,2,154,lag_ms,0
0,2,155,lag_ms,0
0,2,156,lag_ms,0
0,2,157,lag_ms,0
0,2,158,lag_ms,1
0,2,159,lag_ms,1
0,2,160,lag_ms,1
0,2,161,lag_ms,1
0,2,162,lag_ms,1
0,2,163,lag_ms,2
0,2,164,lag_ms,1
0,2,165,lag_ms,0
0,2,166,lag_ms,0
0,2,167,lag_ms,0
0,2,168,lag_ms,0
0,2,169,lag_ms,1
0,2,170,lag_ms,0
0,2,171,lag_ms,1
0,2,172,lag_ms,0
0,2,173,lag_ms,1
0,2,174,lag_ms,1
0,2,175,lag_ms,0
0,2,176,lag_ms,0
0,2,177,lag_ms,1
0,2,178,lag_ms,0
0,2,179,lag_ms,1
0,2,180,lag_ms,0
0,2,181,lag_ms,1
0,2,182,lag_ms,5
0,2,183,lag_ms,1
0,2,184,lag_ms,1
0,2,185,lag_ms,0
0,2,186,lag_ms,0
0,2,187,lag_ms,0
0,2,188,lag_ms,0
0,2,189,lag_ms,0
0,2,190,lag_ms,1
0,2,191,lag_ms,0
0,2,192,lag_ms,0
0,2,193,lag_ms,1
0,2,194,lag_ms,1
0,2,195,lag_ms,1
0,2,196,lag_ms,3
0,2,197,lag_ms,1
0,2,198,lag_ms,1
0,2,199,lag_ms,0
0,2,200,lag_ms,0
0,2,201,lag_ms,1
0,2,202,lag_ms,0
0,2,203,lag_ms,3
0,2,204,lag_ms,3
0,2,205,lag_ms,0
0,2,206,lag_ms,0
0,2,207,lag_ms,1
0,2,208,lag_ms,0
0,2,209,lag_ms,1
0,2,210,lag_ms,1
0,2,211,lag_ms,1
0,2,212,lag_ms,0
0,2,213,lag_ms,1
0,2,214,lag_ms,0
0,2,215,lag_ms,0
0,2,216,lag_ms,0
0,2,217,lag_ms,0
0,2,218,lag_ms,0
0,2,219,lag_ms,0
0,2,220,lag_ms,0
0,2,221,lag_ms,1
0,2,222,lag_ms,0
0,2,223,lag_ms,0
0,2,224,lag_ms,0
0,2,225,lag_ms,1
0,2,226,lag_ms,3
0,2,227,lag_ms,2
0,2,228,lag_ms,0
0,2,229,lag_ms,0
0,2,230,lag_ms,0
0,2,231,lag_ms,0
0,2,232,lag_ms,18
0,2,233,lag_ms,1
0,2,234,lag_ms,1
0,2,235,lag_ms,0
0,2,236,lag_ms,1
0,2,237,lag_ms,0
0,2,238,lag_ms,1
0,2,239,lag_ms,3
0,2,240,lag_ms,1
0,2,241,lag_ms,1
0,2,242,lag_ms,4
0,2,243,lag_ms,1
0,2,244,lag_ms,1
0,2,245,lag_ms,0
0,2,246,lag_ms,3
0,2,247,lag_ms,0
0,2,248,lag_ms,1
0,2,249,lag_ms,1
0,2,250,lag_ms,2
0,2,251,lag_ms,0
0,2,252,lag_ms,0
0,2,253,lag_ms,0
0,2,254,lag_ms,1
0,2,255,lag_ms,1
0,2,256,lag_ms,0
0,2,257,lag_ms,1
0,2,258,lag_ms,0
0,2,259,lag_ms,0
0,2,260,lag_ms,0
0,2,261,lag_ms,1
0,2,262,lag_ms,0
0,2,263,lag_ms,1
0,2,264,lag_ms,1
0,2,265,lag_ms,1
0,2,266,lag_ms,7
0,2,267,lag_ms,1
0,2,268,lag_ms,0
0,2,269,lag_ms,2
0,2,270,lag_ms,1
0,2,271,lag_ms,0
0,2,272,lag_ms,1
0,2,273,lag_ms,0
0,2,274,lag_ms,1
0,2,275,lag_ms,1
0,2,276,lag_ms,2
0,2,277,lag_ms,2
0,2,278,lag_ms,2
0,2,279,lag_ms,0
0,2,280,lag_ms,0
0,2,281,lag_ms,0
0,2,282,lag_ms,1
0,2,283,lag_ms,1
0,2,284,lag_ms,1
0,2,285,lag_ms,0
0,2,286,lag_ms,1
0,2,287,lag_ms,1
0,2,288,lag_ms,0
0,2,289,lag_ms,1
0,2,290,lag_ms,1
0,2,291,lag_ms,2
0,2,292,lag_ms,1
0,2,293,lag_ms,2
0,2,294,lag_ms,1
0,2,295,lag_ms,1
0,2,296,lag_ms,0
0,2,297,lag_ms,1
0,2,298,lag_ms,3
0,2,299,lag_ms,2
0,2,300,lag_ms,0
0,2,301,lag_ms,1
0,2,302,lag_ms,2
0,2,303,lag_ms,1
0,2,304,lag_ms,0
0,2,305,lag_ms,0
0,2,306,lag_ms,0
0,2,307,lag_ms,0
0,2,308,lag_ms,0
0,2,309,lag_ms,0
0,2,310,lag_ms,0
0,2,311,lag_ms,1
0,2,312,lag_ms,0
0,2,313,lag_ms,0
0,2,314,lag_ms,0
0,2,315,lag_ms,26
0,2,316,lag_ms,3
0,2,317,lag_ms,0
0,2,318,lag_ms,0
0,2,319,lag_ms,1
0,2,320,lag_ms,2
0,2,321,lag_ms,1
0,2,322,lag_ms,1
0,2,323,lag_ms,1
0,2,324,lag_ms,0
0,2,325,lag_ms,1
0,2,326,lag_ms,0
0,2,327,lag_ms,0
0,2,328,lag_ms,0
0,2,329,lag_ms,2
0,2,330,lag_ms,1
0,2,331,lag_ms,1
0,2,332,lag_ms,1
0,2,333,lag_ms,1
0,2,334,lag_ms,0
0,2,335,lag_ms,1
0,2,336,lag_ms,1
0,2,337,lag_ms,1
0,2,338,lag_ms,1
0,2,339,lag_ms,3
0,2,340,lag_ms,1
0,2,341,lag_ms,1
0,2,342,lag_ms,1
0,2,343,lag_ms,0
0,2,344,lag_ms,1
0,2,345,lag_ms,1
0,2,346,lag_ms,0
0,2,347,lag_ms,1
0,2,348,lag_ms,1
0,2,349,lag_ms,1
0,2,350,lag_ms,0
0,2,351,lag_ms,1
0,2,352,lag_ms,0
0,2,353,lag_ms,0
0,2,354,lag_ms,0
0,2,355,lag_ms,0
0,2,356,lag_ms,0
0,2,357,lag_ms,1
0,2,358,lag_ms,1
0,2,359,lag_ms,0
0,2,360,lag_ms,0
0,2,361,lag_ms,0
0,2,362,lag_ms,0
0,2,363,lag_ms,0
0,2,364,lag_ms,0
0,2,365,lag_ms,1
0,2,366,lag_ms,2
0,2,367,lag_ms,1
0,2,368,lag_ms,1
0,2,369,lag_ms,2
0,2,370,lag_ms,0
0,2,371,lag_ms,0
0,2,372,lag_ms,2
0,2,373,lag_ms,0
0,2,374,lag_ms,0
0,2,375,lag_ms,0
0,2,376,lag_ms,0
0,2,377,lag_ms,1
0,2,378,lag_ms,0
0,2,379,lag_ms,0
0,2,380,lag_ms,0
0,2,381,lag_ms,1
0,2,382,lag_ms,0
0,2,383,lag_ms,0
0,2,384,lag_ms,1
0,2,385,lag_ms,1
0,2,386,lag_ms,1
0,2,387,lag_ms,4
0,2,388,lag_ms,1
0,2,389,lag_ms,1
0,2,390,lag_ms,0
0,2,391,lag_ms,0
0,2,392,lag_ms,0
0,2,393,lag_ms,1
0,2,394,lag_ms,0
0,2,395,lag_ms,0
0,2,396,lag_ms,0
0,2,397,lag_ms,0
0,2,398,lag_ms,0
0,2,399,lag_ms,0
0,2,400,lag_ms,43
0,2,401,lag_ms,14
0,2,402,lag_ms,1
0,2,403,lag_ms,1
0,2,404,lag_ms,0
0,2,405,lag_ms,0
0,2,406,lag_ms,1
0,2,407,lag_ms,3
0,2,408,lag_ms,0
0,2,409,lag_ms,3
0,2,410,lag_ms,0
0,2,411,lag_ms,0
0,2,412,lag_ms,0
0,2,413,lag_ms,0
0,2,414,lag_ms,0
0,2,415,lag_ms,0
0,2,416,lag_ms,0
0,2,417,lag_ms,1
0,2,418,lag_ms,1
0,2,419,lag_ms,0
0,2,420,lag_ms,1
0,2,421,lag_ms,1
0,2,422,lag_ms,0
0,2,423,lag_ms,2
0,2,424,lag_ms,0
0,2,425,lag_ms,0
0,2,426,lag_ms,1
0,2,427,lag_ms,1
0,2,428,lag_ms,1
0,2,429,lag_ms,0
0,2,430,lag_ms,0
0,2,431,lag_ms,0
0,2,432,lag_ms,0
0,2,433,lag_ms,0
0,2,434,lag_ms,1
0,2,435,lag_ms,1
0,2,436,lag_ms,1
0,2,437,lag_ms,1
0,2,438,lag_ms,1
0,2,439,lag_ms,1
0,2,440,lag_ms,1
0,2,441,lag_ms,1
0,2,442,lag_ms,2
0,2,443,lag_ms,1
0,2,444,lag_ms,1
0,2,445,lag_ms,0
0,2,446,lag_ms,0
0,2,447,lag_ms,2
0,2,448,lag_ms,0
0,2,449,lag_ms,1
0,2,450,lag_ms,1
0,2,451,lag_ms,0
0,2,452,lag_ms,0
0,2,453,lag_ms,0
0,2,454,lag_ms,1
0,2,455,lag_ms,0
0,2,456,lag_ms,2
0,2,457,lag_ms,1
0,2,458,lag_ms,1
0,2,459,lag_ms,1
0,2,460,lag_ms,1
0,2,461,lag_ms,1
0,2,462,lag_ms,0
0,2,463,lag_ms,0
0,2,464,lag_ms,3
0,2,465,lag_ms,1
0,2,466,lag_ms,1
0,2,467,lag_ms,0
0,2,468,lag_ms,1
0,2,469,lag_ms,0
0,2,470,lag_ms,1
0,2,471,lag_ms,1
0,2,472,lag_ms,1
0,2,473,lag_ms,0
0,2,474,lag_ms,2
0,2,475,lag_ms,0
0,2,476,lag_ms,0
0,2,477,lag_ms,1
0,2,478,lag_ms,1
0,2,479,lag_ms,1
0,2,480,lag_ms,1
0,2,481,lag_ms,1
0,2,482,lag_ms,1
0,2,483,lag_ms,1
0,2,484,lag_ms,1
0,2,485,lag_ms,1
0,2,486,lag_ms,1
0,2,487,lag_ms,88
0,2,488,lag_ms,64
0,2,489,lag_ms,29
0,2,490,lag_ms,1
0,2,491,lag_ms,0
0,2,492,lag_ms,0
0,2,493,lag_ms,0
0,2,494,lag_ms,0
0,2,495,lag_ms,2
0,2,496,lag_ms,2
0,2,497,lag_ms,0
0,2,498,lag_ms,1
0,2,499,lag_ms,1
0,2,500,lag_ms,0
0,2,501,lag_ms,0
0,2,502,lag_ms,0
0,2,503,lag_ms,1
0,2,504,lag_ms,0
0,2,505,lag_ms,0
0,2,506,lag_ms,0
0,2,507,lag_ms,0
0,2,508,lag_ms,0
0,2,509,lag_ms,1
0,2,510,lag_ms,1
0,2,511,lag_ms,1
0,2,512,lag_ms,0
0,2,513,lag_ms,1
0,2,514,lag_ms,0
0,2,515,lag_ms,0
0,2,516,lag_ms,1
0,2,517,lag_ms,0
0,2,518,lag_ms,0
0,2,519,lag_ms,1
0,2,520,lag_ms,0
0,2,521,lag_ms,1
0,2,522,lag_ms,0
0,2,523,lag_ms,1
0,2,524,lag_ms,1
0,2,525,lag_ms,1
0,2,526,lag_ms,1
0,2,527,lag_ms,1
0,2,528,lag_ms,1
0,2,529,lag_ms,1
0,2,530,lag_ms,1
0,2,531,lag_ms,1
0,2,532,lag_ms,1
0,2,533,lag_ms,2
0,2,534,lag_ms,2
0,2,535,lag_ms,7
0,2,536,lag_ms,1
0,2,537,lag_ms,1
0,2,538,lag_ms,1
0,2,539,lag_ms,1
0,2,540,lag_ms,0
0,2,541,lag_ms,1
0,2,542,lag_ms,2
0,2,543,lag_ms,1
0,2,544,lag_ms,1
0,2,545,lag_ms,0
0,2,546,lag_ms,1
0,2,547,lag_ms,1
0,2,548,lag_ms,5
0,2,549,lag_ms,2
0,2,550,lag_ms,0
0,2,551,lag_ms,4
0,2,552,lag_ms,2
0,2,553,lag_ms,1
0,2,554,lag_ms,1
0,2,555,lag_ms,0
0,2,556,lag_ms,1
0,2,557,lag_ms,2
0,2,558,lag_ms,2
0,2,559,lag_ms,2
0,2,560,lag_ms,2
0,2,561,lag_ms,2
0,2,562,lag_ms,2
0,2,563,lag_ms,3
0,2,564,lag_ms,1
0,2,565,lag_ms,3
0,2,566,lag_ms,3
0,2,567,lag_ms,3
0,2,568,lag_ms,3
0,2,569,lag_ms,3
0,2,570,lag_ms,3
0,2,571,lag_ms,58
0,2,572,lag_ms,22
0,2,573,lag_ms,1
0,2,574,lag_ms,3
0,2,575,lag_ms,2
0,2,576,lag_ms,1
0,2,577,lag_ms,2
0,2,578,lag_ms,2
0,2,579,lag_ms,1
0,2,580,lag_ms,1
0,2,581,lag_ms,2
0,2,582,lag_ms,1
0,2,583,lag_ms,1
0,2,584,lag_ms,2
0,2,585,lag_ms,2
0,2,586,lag_ms,1
0,2,587,lag_ms,2
0,2,588,lag_ms,0
0,2,589,lag_ms,1
0,2,590,lag_ms,3
0,2,591,lag_ms,0
0,2,592,lag_ms,2
0,2,593,lag_ms,2
0,2,594,lag_ms,1
0,2,595,lag_ms,2
0,2,596,lag_ms,1
0,2,597,lag_ms,0
0,2,598,lag_ms,1
0,2,599,lag_ms,1
0,2,600,lag_ms,1
0,2,601,lag_ms,2
0,2,602,lag_ms,1
0,2,603,lag_ms,1
0,2,604,lag_ms,2
0,2,605,lag_ms,2
0,2,606,lag_ms,2
0,2,607,lag_ms,5
0,2,608,lag_ms,2
0,2,609,lag_ms,1
0,2,610,lag_ms,0
0,2,611,lag_ms,0
0,2,612,lag_ms,2
0,2,613,lag_ms,2
0,2,614,lag_ms,3
0,2,615,lag_ms,1
0,2,616,lag_ms,2
0,2,617,lag_ms,2
0,2,618,lag_ms,1
0,2,619,lag_ms,2
0,2,620,lag_ms,2
0,2,621,lag_ms,2
0,2,622,lag_ms,1
0,2,623,lag_ms,3
0,2,624,lag_ms,2
0,2,625,lag_ms,1
0,2,626,lag_ms,3
0,2,627,lag_ms,2
0,2,628,lag_ms,1
0,2,629,lag_ms,8
0,2,630,lag_ms,2
0,2,631,lag_ms,2
0,2,632,lag_ms,4
0,2,633,lag_ms,2
0,2,634,lag_ms,1
0,2,635,lag_ms,3
0,2,636,lag_ms,2
0,2,637,lag_ms,2
0,2,638,lag_ms,2
0,2,639,lag_ms,1
0,2,640,lag_ms,0
0,2,641,lag_ms,2
0,2,642,lag_ms,3
0,2,643,lag_ms,3
0,2,644,lag_ms,2
0,2,645,lag_ms,3
0,2,646,lag_ms,1
0,2,647,lag_ms,2
0,2,648,lag_ms,1
0,2,649,lag_ms,3
0,2,650,lag_ms,2
0,2,651,lag_ms,2
0,2,652,lag_ms,0
0,2,653,lag_ms,0
0,2,654,lag_ms,0
0,2,655,lag_ms,0
0,2,656,lag_ms,56
0,2,657,lag_ms,0
0,2,658,lag_ms,3
0,2,659,lag_ms,3
0,2,660,lag_ms,0
0,2,661,lag_ms,2
0,2,662,lag_ms,0
0,2,663,lag_ms,2
0,2,664,lag_ms,0
0,2,665,lag_ms,2
0,2,666,lag_ms,1
0,2,667,lag_ms,1
0,2,668,lag_ms,1
0,2,669,lag_ms,0
0,2,670,lag_ms,1
0,2,671,lag_ms,1
0,2,672,lag_ms,1
0,2,673,lag_ms,3
0,2,674,lag_ms,1
0,2,675,lag_ms,1
0,2,676,lag_ms,5
0,2,677,lag_ms,1
0,2,678,lag_ms,1
0,2,679,lag_ms,1
0,2,680,lag_ms,1
0,2,681,lag_ms,1
0,2,682,lag_ms,2
0,2,683,lag_ms,1
0,2,684,lag_ms,1
0,2,685,lag_ms,1
0,2,686,lag_ms,2
0,2,687,lag_ms,1
0,2,688,lag_ms,1
0,2,689,lag_ms,1
0,2,690,lag_ms,2
0,2,691,lag_ms,2
0,2,692,lag_ms,2
0,2,693,lag_ms,2
0,2,694,lag_ms,7
0,2,695,lag_ms,1
0,2,696,lag_ms,0
0,2,697,lag_ms,1
0,2,698,lag_ms,0
0,2,699,lag_ms,1
0,2,700,lag_ms,2
0,2,701,lag_ms,1
0,2,702,lag_ms,1
0,2,703,lag_ms,1
0,2,704,lag_ms,1
0,2,705,lag_ms,1
0,2,706,lag_ms,2
0,2,707,lag_ms,1
0,2,708,lag_ms,2
0,2,709,lag_ms,1
0,2,710,lag_ms,3
0,2,711,lag_ms,1
0,2,712,lag_ms,4
0,2,713,lag_ms,3
0,2,714,lag_ms,1
0,2,715,lag_ms,1
0,2,716,lag_ms,58
0,2,717,lag_ms,1
0,2,718,lag_ms,2
0,2,719,lag_ms,0
0,2,720,lag_ms,0
0,2,721,lag_ms,2
0,2,722,lag_ms,6
0,2,723,lag_ms,2
0,2,724,lag_ms,1
0,2,725,lag_ms,0
0,2,726,lag_ms,1
0,2,727,lag_ms,2
0,2,728,lag_ms,1
0,2,729,lag_ms,2
0,2,730,lag_ms,2
0,2,731,lag_ms,2
0,2,732,lag_ms,7
0,2,733,lag_ms,2
0,2,734,lag_ms,4
0,2,735,lag_ms,2
0,2,736,lag_ms,3
0,2,737,lag_ms,1
0,2,738,lag_ms,2
0,2,739,lag_ms,1
0,2,740,lag_ms,1
0,2,741,lag_ms,2
0,2,742,lag_ms,1
0,2,743,lag_ms,3
0,2,744,lag_ms,3
0,2,745,lag_ms,8
0,2,746,lag_ms,1
0,2,747,lag_ms,2
0,2,748,lag_ms,1
0,2,749,lag_ms,1
0,2,750,lag_ms,1
0,2,751,lag_ms,1
0,2,752,lag_ms,1
0,2,753,lag_ms,2
0,2,754,lag_ms,1
0,2,755,lag_ms,1
0,2,756,lag_ms,3
0,2,757,lag_ms,2
0,2,758,lag_ms,1
0,2,759,lag_ms,1
0,2,760,lag_ms,1
0,2,761,lag_ms,4
0,2,762,lag_ms,3
0,2,763,lag_ms,1
0,2,764,lag_ms,2
0,2,765,lag_ms,1
0,2,766,lag_ms,1
0,2,767,lag_ms,0
0,2,768,lag_ms,0
0,2,769,lag_ms,1
0,2,770,lag_ms,0
0,2,771,lag_ms,2
0,2,772,lag_ms,0
0,2,773,lag_ms,2
0,2,774,lag_ms,2
0,2,775,lag_ms,0
0,2,776,lag_ms,1
0,2,777,lag_ms,1
0,2,778,lag_ms,1
0,2,779,lag_ms,0
0,2,780,lag_ms,0
0,2,781,lag_ms,1
0,2,782,lag_ms,1
0,2,783,lag_ms,1
0,2,784,lag_ms,1
0,2,785,lag_ms,0
0,2,786,lag_ms,0
0,2,787,lag_ms,1
0,2,788,lag_ms,2
0,2,789,lag_ms,0
0,2,790,lag_ms,1
0,2,791,lag_ms,1
0,2,792,lag_ms,1
0,2,793,lag_ms,1
0,2,794,lag_ms,1
0,2,795,lag_ms,1
0,2,796,lag_ms,1
0,2,797,lag_ms,3
0,2,798,lag_ms,2
0,2,799,lag_ms,1
0,2,800,lag_ms,1
0,2,801,lag_ms,2
0,2,802,lag_ms,0
0,2,803,lag_ms,2
0,2,804,lag_ms,1
0,2,805,lag_ms,1
0,2,806,lag_ms,2
0,2,807,lag_ms,1
0,2,808,lag_ms,1
0,2,809,lag_ms,1
0,2,810,lag_ms,1
0,2,811,lag_ms,0
0,2,812,lag_ms,0
0,2,813,lag_ms,1
0,2,814,lag_ms,2
0,2,815,lag_ms,0
0,2,816,lag_ms,6
0,2,817,lag_ms,0
0,2,818,lag_ms,1
0,2,819,lag_ms,0
0,2,820,lag_ms,0
0,2,821,lag_ms,1
0,2,822,lag_ms,1
0,2,823,lag_ms,1
0,2,824,lag_ms,2
0,2,825,lag_ms,1
0,2,826,lag_ms,1
0,2,827,lag_ms,0
0,2,828,lag_ms,1
0,2,829,lag_ms,2
0,2,830,lag_ms,1
0,2,831,lag_ms,5
0,2,832,lag_ms,1
0,2,833,lag_ms,3
0,2,834,lag_ms,1
0,2,835,lag_ms,0
0,2,836,lag_ms,1
0,2,837,lag_ms,1
0,2,838,lag_ms,1
0,2,839,lag_ms,1
0,2,840,lag_ms,2
0,2,841,lag_ms,2
0,2,842,lag_ms,1
0,2,843,lag_ms,1
0,2,844,lag_ms,1
0,2,845,lag_ms,2
0,2,846,lag_ms,1
0,2,847,lag_ms,0
0,2,848,lag_ms,1
0,2,849,lag_ms,2
0,2,850,lag_ms,2
0,2,851,lag_ms,3
0,2,852,lag_ms,1
0,2,853,lag_ms,0
0,2,854,lag_ms,2
0,2,855,lag_ms,1
0,2,856,lag_ms,1
0,2,857,lag_ms,1
0,2,858,lag_ms,1
0,2,859,lag_ms,1
0,2,860,lag_ms,1
0,2,861,lag_ms,1
0,2,862,lag_ms,1
0,2,863,lag_ms,1
0,2,864,lag_ms,2
0,2,865,lag_ms,1
0,2,866,lag_ms,1
0,2,867,lag_ms,1
0,2,868,lag_ms,2
0,2,869,lag_ms,39
0,2,870,lag_ms,0
0,2,871,lag_ms,125
0,2,872,lag_ms,88
0,2,873,lag_ms,2
0,2,874,lag_ms,3
0,2,875,lag_ms,1
0,2,876,lag_ms,2
0,2,877,lag_ms,5
0,2,878,lag_ms,5
0,2,879,lag_ms,4
0,2,880,lag_ms,1
0,2,881,lag_ms,2
0,2,882,lag_ms,2
0,2,883,lag_ms,4
0,2,884,lag_ms,1
0,2,885,lag_ms,4
0,2,886,lag_ms,2
0,2,887,lag_ms,1
0,2,888,lag_ms,1
0,2,889,lag_ms,1
0,2,890,lag_ms,2
0,2,891,lag_ms,1
0,2,892,lag_ms,1
0,2,893,lag_ms,2
0,2,894,lag_ms,1
0,2,895,lag_ms,3
0,2,896,lag_ms,2
0,2,897,lag_ms,0
0,2,898,lag_ms,0
0,2,899,lag_ms,5
0,2,900,lag_ms,1
0,2,901,lag_ms,2
0,2,902,lag_ms,3
0,2,903,lag_ms,2
0,2,904,lag_ms,2
0,2,905,lag_ms,2
0,2,906,lag_ms,0
0,2,907,lag_ms,3
0,2,908,lag_ms,5
0,2,909,lag_ms,1
0,2,910,lag_ms,1
0,2,911,lag_ms,1
0,2,912,lag_ms,3
0,2,913,lag_ms,1
0,2,914,lag_ms,0
0,2,915,lag_ms,1
0,2,916,lag_ms,5
0,2,917,lag_ms,1
0,2,918,lag_ms,1
0,2,919,lag_ms,1
0,2,920,lag_ms,0
0,2,921,lag_ms,0
0,2,922,lag_ms,0
0,2,923,lag_ms,1
0,2,924,lag_ms,0
0,2,925,lag_ms,0
0,2,926,lag_ms,0
0,2,927,lag_ms,0
0,2,928,lag_ms,1
0,2,929,lag_ms,1
0,2,930,lag_ms,0
0,2,931,lag_ms,1
0,2,932,lag_ms,1
0,2,933,lag_ms,1
0,2,934,lag_ms,1
0,2,935,lag_ms,0
0,2,936,lag_ms,1
0,2,937,lag_ms,1
0,2,938,lag_ms,0
0,2,939,lag_ms,2
0,2,940,lag_ms,3
0,2,941,lag_ms,1
0,2,942,lag_ms,2
0,2,943,lag_ms,1
0,2,944,lag_ms,1
0,2,945,lag_ms,0
0,2,946,lag_ms,1
0,2,947,lag_ms,1
0,2,948,lag_ms,0
0,2,949,lag_ms,1
0,2,950,lag_ms,1
0,2,951,lag_ms,3
0,2,952,lag_ms,0
0,2,953,lag_ms,1
0,2,954,lag_ms,2
0,2,955,lag_ms,1
0,2,956,lag_ms,2
0,2,957,lag_ms,2
0,2,958,lag_ms,1
0,2,959,lag_ms,1
0,2,960,lag_ms,0
0,2,961,lag_ms,1
0,2,962,lag_ms,1
0,2,963,lag_ms,1
0,2,964,lag_ms,4
0,2,965,lag_ms,0
0,2,966,lag_ms,1
0,2,967,lag_ms,2
0,2,968,lag_ms,1
0,2,969,lag_ms,1
0,2,970,lag_ms,1
0,2,971,lag_ms,1
0,2,972,lag_ms,1
0,2,973,lag_ms,0
0,2,974,lag_ms,1
0,2,975,lag_ms,1
0,2,976,lag_ms,0
0,2,977,lag_ms,1
0,2,978,lag_ms,1
0,2,979,lag_ms,2
0,2,980,lag_ms,1
0,2,981,lag_ms,2
0,2,982,lag_ms,0
0,2,983,lag_ms,0
0,2,984,lag_ms,1
0,2,985,lag_ms,1
0,2,986,lag_ms,1
0,2,987,lag_ms,2
0,2,988,lag_ms,3
0,2,989,lag_ms,3
0,2,990,lag_ms,0
0,2,991,lag_ms,1
0,2,992,lag_ms,1
0,2,993,lag_ms,1
0,2,994,lag_ms,2
0,2,995,lag_ms,2
0,2,996,lag_ms,1
0,2,997,lag_ms,1
0,2,998,lag_ms,1
0,2,999,lag_ms,3
0,2,1000,total_ms,8185
100,2,0,lag_ms,0
100,2,1,lag_ms,2
100,2,2,lag_ms,3
100,2,3,lag_ms,0
100,2,4,lag_ms,1
100,2,5,lag_ms,1
100,2,6,lag_ms,2
100,2,7,lag_ms,1
100,2,8,lag_ms,1
100,2,9,lag_ms,1
100,2,10,lag_ms,3
100,2,11,lag_ms,1
100,2,12,lag_ms,0
100,2,13,lag_ms,1
100,2,14,lag_ms,1
100,2,15,lag_ms,1
100,2,16,lag_ms,1
100,2,17,lag_ms,0
100,2,18,lag_ms,2
100,2,19,lag_ms,0
100,2,20,lag_ms,0
100,2,21,lag_ms,0
100,2,22,lag_ms,2
100,2,23,lag_ms,1
100,2,24,lag_ms,2
100,2,25,lag_ms,2
100,2,26,lag_ms,1
100,2,27,lag_ms,0
100,2,28,lag_ms,1
100,2,29,lag_ms,0
100,2,30,lag_ms,0
100,2,31,lag_ms,0
100,2,32,lag_ms,1
100,2,33,lag_ms,1
100,2,34,lag_ms,1
100,2,35,lag_ms,0
100,2,36,lag_ms,0
100,2,37,lag_ms,0
100,2,38,lag_ms,0
100,2,39,lag_ms,0
100,2,40,lag_ms,0
100,2,41,lag_ms,0
100,2,42,lag_ms,1
100,2,43,lag_ms,1
100,2,44,lag_ms,2
100,2,45,lag_ms,1
100,2,46,lag_ms,4
100,2,47,lag_ms,4
100,2,48,lag_ms,0
100,2,49,lag_ms,0
100,2,50,lag_ms,0
100,2,51,lag_ms,0
100,2,52,lag_ms,2
100,2,53,lag_ms,1
100,2,54,lag_ms,1
100,2,55,lag_ms,1
100,2,56,lag_ms,0
100,2,57,lag_ms,2
100,2,58,lag_ms,0
100,2,59,lag_ms,1
100,2,60,lag_ms,1
100,2,61,lag_ms,1
100,2,62,lag_ms,1
100,2,63,lag_ms,0
100,2,64,lag_ms,1
100,2,65,lag_ms,0
100,2,66,lag_ms,0
100,2,67,lag_ms,0
100,2,68,lag_ms,1
100,2,69,lag_ms,1
100,2,70,lag_ms,0
100,2,71,lag_ms,1
100,2,72,lag_ms,1
100,2,73,lag_ms,3
100,2,74,lag_ms,0
100,2,75,lag_ms,52
100,2,76,lag_ms,1
100,2,77,lag_ms,0
100,2,78,lag_ms,0
100,2,79,lag_ms,1
100,2,80,lag_ms,5
100,2,81,lag_ms,0
100,2,82,lag_ms,0
100,2,83,lag_ms,1
100,2,84,lag_ms,0
100,2,85,lag_ms,1
100,2,86,lag_ms,0
100,2,87,lag_ms,0
100,2,88,lag_ms,0
100,2,89,lag_ms,0
100,2,90,lag_ms,0
100,2,91,lag_ms,1
100,2,92,lag_ms,0
100,2,93,lag_ms,0
100,2,94,lag_ms,1
100,2,95,lag_ms,0
100,2,96,lag_ms,13
100,2,97,lag_ms,0
100,2,98,lag_ms,0
100,2,99,lag_ms,1
100,2,100,lag_ms,4
100,2,101,lag_ms,6
100,2,102,lag_ms,5
100,2,103,lag_ms,1
100,2,104,lag_ms,4
100,2,105,lag_ms,2
100,2,106,lag_ms,2
100,2,107,lag_ms,4
100,2,108,lag_ms,1
100,2,109,lag_ms,1
100,2,110,lag_ms,1
100,2,111,lag_ms,1
100,2,112,lag_ms,1
100,2,113,lag_ms,1
100,2,114,lag_ms,0
100,2,115,lag_ms,1
100,2,116,lag_ms,2
100,2,117,lag_ms,1
100,2,118,lag_ms,1
100,2,119,lag_ms,2
100,2,120,lag_ms,2
100,2,121,lag_ms,1
100,2,122,lag_ms,2
100,2,123,lag_ms,2
100,2,124,lag_ms,1
100,2,125,lag_ms,3
100,2,126,lag_ms,0
100,2,127,lag_ms,0
100,2,128,lag_ms,1
100,2,129,lag_ms,1
100,2,130,lag_ms,0
100,2,131,lag_ms,0
100,2,132,lag_ms,2
100,2,133,lag_ms,2
100,2,134,lag_ms,3
100,2,135,lag_ms,0
100,2,136,lag_ms,3
100,2,137,lag_ms,1
100,2,138,lag_ms,1
100,2,139,lag_ms,19
100,2,140,lag_ms,1
100,2,141,lag_ms,1
100,2,142,lag_ms,0
100,2,143,lag_ms,1
100,2,144,lag_ms,3
100,2,145,lag_ms,3
100,2,146,lag_ms,5
100,2,147,lag_ms,1
100,2,148,lag_ms,1
100,2,149,lag_ms,1
100,2,150,lag_ms,3
100,2,151,lag_ms,1
100,2,152,lag_ms,1
100,2,153,lag_ms,2
100,2,154,lag_ms,0
100,2,155,lag_ms,2
100,2,156,lag_ms,7
100,2,157,lag_ms,1
100,2,158,lag_ms,0
100,2,159,lag_ms,1
100,2,160,lag_ms,0
100,2,161,lag_ms,4
100,2,162,lag_ms,0
100,2,163,lag_ms,1
100,2,164,lag_ms,1
100,2,165,lag_ms,1
100,2,166,lag_ms,0
100,2,167,lag_ms,1
100,2,168,lag_ms,1
100,2,169,lag_ms,4
100,2,170,lag_ms,1
100,2,171,lag_ms,2
100,2,172,lag_ms,0
100,2,173,lag_ms,1
100,2,174,lag_ms,4
100,2,175,lag_ms,1
100,2,176,lag_ms,1
100,2,177,lag_ms,1
100,2,178,lag_ms,2
100,2,179,lag_ms,5
100,2,180,lag_ms,2
100,2,181,lag_ms,0
100,2,182,lag_ms,0
100,2,183,lag_ms,4
100,2,184,lag_ms,3
100,2,185,lag_ms,1
100,2,186,lag_ms,23
100,2,187,lag_ms,1
100,2,188,lag_ms,2
100,2,189,lag_ms,4
100,2,190,lag_ms,2
100,2,191,lag_ms,2
100,2,192,lag_ms,2
100,2,193,lag_ms,0
100,2,194,lag_ms,0
100,2,195,lag_ms,0
100,2,196,lag_ms,0
100,2,197,lag_ms,0
100,2,198,lag_ms,3
100,2,199,lag_ms,2
100,2,200,lag_ms,1
100,2,201,lag_ms,2
100,2,202,lag_ms,3
100,2,203,lag_ms,0
100,2,204,lag_ms,1
100,2,205,lag_ms,3
100,2,206,lag_ms,2
100,2,207,lag_ms,8
100,2,208,lag_ms,5
100,2,209,lag_ms,8
100,2,210,lag_ms,1
100,2,211,lag_ms,3
100,2,212,lag_ms,0
100,2,213,lag_ms,2
100,2,214,lag_ms,2
100,2,215,lag_ms,1
100,2,216,lag_ms,2
100,2,217,lag_ms,0
100,2,218,lag_ms,0
100,2,219,lag_ms,8
100,2,220,lag_ms,0
100,2,221,lag_ms,4
100,2,222,lag_ms,0
100,2,223,lag_ms,2
100,2,224,lag_ms,1
100,2,225,lag_ms,0
100,2,226,lag_ms,2
100,2,227,lag_ms,0
100,2,228,lag_ms,2
100,2,229,lag_ms,1
100,2,230,lag_ms,2
100,2,231,lag_ms,2
100,2,232,lag_ms,2
100,2,233,lag_ms,0
100,2,234,lag_ms,2
100,2,235,lag_ms,0
100,2,236,lag_ms,1
100,2,237,lag_ms,1
100,2,238,lag_ms,0
100,2,239,lag_ms,4
100,2,240,lag_ms,5
100,2,241,lag_ms,2
100,2,242,lag_ms,1
100,2,243,lag_ms,2
100,2,244,lag_ms,15
100,2,245,lag_ms,1
100,2,246,lag_ms,3
100,2,247,lag_ms,4
100,2,248,lag_ms,1
100,2,249,lag_ms,1
100,2,250,lag_ms,2
100,2,251,lag_ms,2
100,2,252,lag_ms,1
100,2,253,lag_ms,9
100,2,254,lag_ms,1
100,2,255,lag_ms,5
100,2,256,lag_ms,2
100,2,257,lag_ms,2
100,2,258,lag_ms,1
100,2,259,lag_ms,27
100,2,260,lag_ms,5
100,2,261,lag_ms,3
100,2,262,lag_ms,2
100,2,263,lag_ms,2
100,2,264,lag_ms,3
100,2,265,lag_ms,1
100,2,266,lag_ms,1
100,2,267,lag_ms,2
100,2,268,lag_ms,1
100,2,269,lag_ms,2
100,2,270,lag_ms,2
100,2,271,lag_ms,2
100,2,272,lag_ms,1
100,2,273,lag_ms,0
100,2,274,lag_ms,1
100,2,275,lag_ms,3
100,2,276,lag_ms,4
100,2,277,lag_ms,5
100,2,278,lag_ms,2
100,2,279,lag_ms,3
100,2,280,lag_ms,4
100,2,281,lag_ms,48
100,2,282,lag_ms,0
100,2,283,lag_ms,2
100,2,284,lag_ms,3
100,2,285,lag_ms,1
100,2,286,lag_ms,2
100,2,287,lag_ms,0
100,2,288,lag_ms,2
100,2,289,lag_ms,2
100,2,290,lag_ms,1
100,2,291,lag_ms,1
100,2,292,lag_ms,0
100,2,293,lag_ms,1
100,2,294,lag_ms,5
100,2,295,lag_ms,4
100,2,296,lag_ms,4
100,2,297,lag_ms,5
100,2,298,lag_ms,3
100,2,299,lag_ms,1
100,2,300,lag_ms,3
100,2,301,lag_ms,49
100,2,302,lag_ms,3
100,2,303,lag_ms,4
100,2,304,lag_ms,3
100,2,305,lag_ms,1
100,2,306,lag_ms,47
100,2,307,lag_ms,2
100,2,308,lag_ms,3
100,2,309,lag_ms,3
100,2,310,lag_ms,3
100,2,311,lag_ms,2
100,2,312,lag_ms,8
100,2,313,lag_ms,1
100,2,314,lag_ms,3
100,2,315,lag_ms,11
100,2,316,lag_ms,13
100,2,317,lag_ms,5
100,2,318,lag_ms,13
100,2,319,lag_ms,15
100,2,320,lag_ms,7
100,2,321,lag_ms,4
100,2,322,lag_ms,88
100,2,323,lag_ms,5
100,2,324,lag_ms,1
100,2,325,lag_ms,47
100,2,326,lag_ms,4
100,2,327,lag_ms,2
100,2,328,lag_ms,1
100,2,329,lag_ms,122
100,2,330,lag_ms,109
100,2,331,lag_ms,2
100,2,332,lag_ms,3
100,2,333,lag_ms,1
100,2,334,lag_ms,3
100,2,335,lag_ms,2
100,2,336,lag_ms,3
100,2,337,lag_ms,3
100,2,338,lag_ms,1
100,2,339,lag_ms,33
100,2,340,lag_ms,2
100,2,341,lag_ms,2
100,2,342,lag_ms,3
100,2,343,lag_ms,1
100,2,344,lag_ms,1
100,2,345,lag_ms,2
100,2,346,lag_ms,2
100,2,347,lag_ms,3
100,2,348,lag_ms,8
100,2,349,lag_ms,4
100,2,350,lag_ms,2
100,2,351,lag_ms,1
100,2,352,lag_ms,11
100,2,353,lag_ms,1
100,2,354,lag_ms,0
100,2,355,lag_ms,0
100,2,356,lag_ms,2
100,2,357,lag_ms,2
100,2,358,lag_ms,1
100,2,359,lag_ms,2
100,2,360,lag_ms,1
100,2,361,lag_ms,0
100,2,362,lag_ms,0
100,2,363,lag_ms,2
100,2,364,lag_ms,1
100,2,365,lag_ms,1
100,2,366,lag_ms,0
100,2,367,lag_ms,1
100,2,368,lag_ms,1
100,2,369,lag_ms,0
100,2,370,lag_ms,0
100,2,371,lag_ms,2
100,2,372,lag_ms,0
100,2,373,lag_ms,1
100,2,374,lag_ms,1
100,2,375,lag_ms,2
100,2,376,lag_ms,2
100,2,377,lag_ms,15
100,2,378,lag_ms,1
100,2,379,lag_ms,2
100,2,380,lag_ms,1
100,2,381,lag_ms,22
100,2,382,lag_ms,2
100,2,383,lag_ms,3
100,2,384,lag_ms,2
100,2,385,lag_ms,1
100,2,386,lag_ms,1
100,2,387,lag_ms,1
100,2,388,lag_ms,0
100,2,389,lag_ms,0
100,2,390,lag_ms,0
100,2,391,lag_ms,1
100,2,392,lag_ms,1
100,2,393,lag_ms,1
100,2,394,lag_ms,1
100,2,395,lag_ms,3
100,2,396,lag_ms,3
100,2,397,lag_ms,6
100,2,398,lag_ms,1
100,2,399,lag_ms,1
100,2,400,lag_ms,1
100,2,401,lag_ms,1
100,2,402,lag_ms,1
100,2,403,lag_ms,0
100,2,404,lag_ms,2
100,2,405,lag_ms,3
100,2,406,lag_ms,4
100,2,407,lag_ms,1
100,2,408,lag_ms,2
100,2,409,lag_ms,6
100,2,410,lag_ms,3
100,2,411,lag_ms,7
100,2,412,lag_ms,6
100,2,413,lag_ms,7
100,2,414,lag_ms,4
100,2,415,lag_ms,3
100,2,416,lag_ms,2
100,2,417,lag_ms,0
100,2,418,lag_ms,4
100,2,419,lag_ms,6
100,2,420,lag_ms,4
100,2,421,lag_ms,2
100,2,422,lag_ms,7
100,2,423,lag_ms,3
100,2,424,lag_ms,2
100,2,425,lag_ms,2
100,2,426,lag_ms,20
100,2,427,lag_ms,2
100,2,428,lag_ms,1
100,2,429,lag_ms,2
100,2,430,lag_ms,1
100,2,431,lag_ms,0
100,2,432,lag_ms,1
100,2,433,lag_ms,1
100,2,434,lag_ms,1
100,2,435,lag_ms,2
100,2,436,lag_ms,5
100,2,437,lag_ms,4
100,2,438,lag_ms,2
100,2,439,lag_ms,1
100,2,440,lag_ms,0
100,2,441,lag_ms,2
100,2,442,lag_ms,1
100,2,443,lag_ms,0
100,2,444,lag_ms,1
100,2,445,lag_ms,1
100,2,446,lag_ms,2
100,2,447,lag_ms,1
100,2,448,lag_ms,1
100,2,449,lag_ms,1
100,2,450,lag_ms,2
100,2,451,lag_ms,164
100,2,452,lag_ms,2
100,2,453,lag_ms,3
100,2,454,lag_ms,1
100,2,455,lag_ms,0
100,2,456,lag_ms,3
100,2,457,lag_ms,1
100,2,458,lag_ms,0
100,2,459,lag_ms,2
100,2,460,lag_ms,2
100,2,461,lag_ms,0
100,2,462,lag_ms,2
100,2,463,lag_ms,4
100,2,464,lag_ms,2
100,2,465,lag_ms,1
100,2,466,lag_ms,2
100,2,467,lag_ms,2
100,2,468,lag_ms,3
100,2,469,lag_ms,1
100,2,470,lag_ms,3
100,2,471,lag_ms,1
100,2,472,lag_ms,1
100,2,473,lag_ms,1
100,2,474,lag_ms,0
100,2,475,lag_ms,1
100,2,476,lag_ms,2
100,2,477,lag_ms,1
100,2,478,lag_ms,1
100,2,479,lag_ms,1
100,2,480,lag_ms,2
100,2,481,lag_ms,2
100,2,482,lag_ms,1
100,2,483,lag_ms,1
100,2,484,lag_ms,3
100,2,485,lag_ms,2
100,2,486,lag_ms,4
100,2,487,lag_ms,1
100,2,488,lag_ms,2
100,2,489,lag_ms,2
100,2,490,lag_ms,2
100,2,491,lag_ms,1
100,2,492,lag_ms,1
100,2,493,lag_ms,4
100,2,494,lag_ms,2
100,2,495,lag_ms,2
100,2,496,lag_ms,1
100,2,497,lag_ms,1
100,2,498,lag_ms,1
100,2,499,lag_ms,1
100,2,500,lag_ms,3
100,2,501,lag_ms,1
100,2,502,lag_ms,3
100,2,503,lag_ms,1
100,2,504,lag_ms,1
100,2,505,lag_ms,4
100,2,506,lag_ms,1
100,2,507,lag_ms,1
100,2,508,lag_ms,1
100,2,509,lag_ms,0
100,2,510,lag_ms,2
100,2,511,lag_ms,2
100,2,512,lag_ms,0
100,2,513,lag_ms,1
100,2,514,lag_ms,3
100,2,515,lag_ms,6
100,2,516,lag_ms,2
100,2,517,lag_ms,2
100,2,518,lag_ms,4
100,2,519,lag_ms,2
100,2,520,lag_ms,4
100,2,521,lag_ms,3
100,2,522,lag_ms,1
100,2,523,lag_ms,1
100,2,524,lag_ms,4
100,2,525,lag_ms,0
100,2,526,lag_ms,2
100,2,527,lag_ms,1
100,2,528,lag_ms,2
100,2,529,lag_ms,4
100,2,530,lag_ms,1
100,2,531,lag_ms,1
100,2,532,lag_ms,7
100,2,533,lag_ms,1
100,2,534,lag_ms,2
100,2,535,lag_ms,0
100,2,536,lag_ms,0
100,2,537,lag_ms,1
100,2,538,lag_ms,1
100,2,539,lag_ms,2
100,2,540,lag_ms,1
100,2,541,lag_ms,1
100,2,542,lag_ms,0
100,2,543,lag_ms,1
100,2,544,lag_ms,1
100,2,545,lag_ms,1
100,2,546,lag_ms,2
100,2,547,lag_ms,1
100,2,548,lag_ms,1
100,2,549,lag_ms,1
100,2,550,lag_ms,0
100,2,551,lag_ms,1
100,2,552,lag_ms,1
100,2,553,lag_ms,0
100,2,554,lag_ms,2
100,2,555,lag_ms,1
100,2,556,lag_ms,2
100,2,557,lag_ms,2
100,2,558,lag_ms,1
100,2,559,lag_ms,1
100,2,560,lag_ms,2
100,2,561,lag_ms,1
100,2,562,lag_ms,1
100,2,563,lag_ms,2
100,2,564,lag_ms,1
100,2,565,lag_ms,0
100,2,566,lag_ms,2
100,2,567,lag_ms,1
100,2,568,lag_ms,1
100,2,569,lag_ms,2
100,2,570,lag_ms,1
100,2,571,lag_ms,8
100,2,572,lag_ms,2
100,2,573,lag_ms,2
100,2,574,lag_ms,2
100,2,575,lag_ms,1
100,2,576,lag_ms,2
100,2,577,lag_ms,2
100,2,578,lag_ms,2
100,2,579,lag_ms,3
100,2,580,lag_ms,2
100,2,581,lag_ms,1
100,2,582,lag_ms,2
100,2,583,lag_ms,5
100,2,584,lag_ms,1
100,2,585,lag_ms,1
100,2,586,lag_ms,2
100,2,587,lag_ms,0
100,2,588,lag_ms,3
100,2,589,lag_ms,60
100,2,590,lag_ms,8
100,2,591,lag_ms,1
100,2,592,lag_ms,1
100,2,593,lag_ms,0
100,2,594,lag_ms,3
100,2,595,lag_ms,2
100,2,596,lag_ms,2
100,2,597,lag_ms,0
100,2,598,lag_ms,1
100,2,599,lag_ms,1
100,2,600,lag_ms,2
100,2,601,lag_ms,0
100,2,602,lag_ms,2
100,2,603,lag_ms,0
100,2,604,lag_ms,0
100,2,605,lag_ms,0
100,2,606,lag_ms,1
100,2,607,lag_ms,0
100,2,608,lag_ms,1
100,2,609,lag_ms,3
100,2,610,lag_ms,1
100,2,611,lag_ms,2
100,2,612,lag_ms,6
100,2,613,lag_ms,1
100,2,614,lag_ms,4
100,2,615,lag_ms,0
100,2,616,lag_ms,3
100,2,617,lag_ms,1
100,2,618,lag_ms,2
100,2,619,lag_ms,0
100,2,620,lag_ms,7
100,2,621,lag_ms,6
100,2,622,lag_ms,6
100,2,623,lag_ms,3
100,2,624,lag_ms,4
100,2,625,lag_ms,4
100,2,626,lag_ms,3
100,2,627,lag_ms,7
100,2,628,lag_ms,2
100,2,629,lag_ms,1
100,2,630,lag_ms,2
100,2,631,lag_ms,7
100,2,632,lag_ms,2
100,2,633,lag_ms,1
100,2,634,lag_ms,4
100,2,635,lag_ms,2
100,2,636,lag_ms,0
100,2,637,lag_ms,2
100,2,638,lag_ms,3
100,2,639,lag_ms,15
100,2,640,lag_ms,3
100,2,641,lag_ms,1
100,2,642,lag_ms,2
100,2,643,lag_ms,1
100,2,644,lag_ms,2
100,2,645,lag_ms,1
100,2,646,lag_ms,2
100,2,647,lag_ms,2
100,2,648,lag_ms,2
100,2,649,lag_ms,2
100,2,650,lag_ms,2
100,2,651,lag_ms,2
100,2,652,lag_ms,4
100,2,653,lag_ms,9
100,2,654,lag_ms,2
100,2,655,lag_ms,3
100,2,656,lag_ms,2
100,2,657,lag_ms,2
100,2,658,lag_ms,3
100,2,659,lag_ms,3
100,2,660,lag_ms,2
100,2,661,lag_ms,4
100,2,662,lag_ms,2
100,2,663,lag_ms,3
100,2,664,lag_ms,3
100,2,665,lag_ms,1
100,2,666,lag_ms,2
100,2,667,lag_ms,1
100,2,668,lag_ms,1
100,2,669,lag_ms,0
100,2,670,lag_ms,1
100,2,671,lag_ms,0
100,2,672,lag_ms,1
100,2,673,lag_ms,3
100,2,674,lag_ms,0
100,2,675,lag_ms,2
100,2,676,lag_ms,2
100,2,677,lag_ms,2
100,2,678,lag_ms,1
100,2,679,lag_ms,2
100,2,680,lag_ms,2
100,2,681,lag_ms,0
100,2,682,lag_ms,3
100,2,683,lag_ms,0
100,2,684,lag_ms,1
100,2,685,lag_ms,2
100,2,686,lag_ms,1
100,2,687,lag_ms,1
100,2,688,lag_ms,1
100,2,689,lag_ms,2
100,2,690,lag_ms,0
100,2,691,lag_ms,2
100,2,692,lag_ms,1
100,2,693,lag_ms,0
100,2,694,lag_ms,1
100,2,695,lag_ms,42
100,2,696,lag_ms,2
100,2,697,lag_ms,2
100,2,698,lag_ms,0
100,2,699,lag_ms,4
100,2,700,lag_ms,1
100,2,701,lag_ms,0
100,2,702,lag_ms,1
100,2,703,lag_ms,4
100,2,704,lag_ms,2
100,2,705,lag_ms,5
100,2,706,lag_ms,1
100,2,707,lag_ms,0
100,2,708,lag_ms,2
100,2,709,lag_ms,0
100,2,710,lag_ms,0
100,2,711,lag_ms,1
100,2,712,lag_ms,0
100,2,713,lag_ms,0
100,2,714,lag_ms,0
100,2,715,lag_ms,9
100,2,716,lag_ms,1
100,2,717,lag_ms,1
100,2,718,lag_ms,1
100,2,719,lag_ms,6
100,2,720,lag_ms,2
100,2,721,lag_ms,1
100,2,722,lag_ms,1
100,2,723,lag_ms,4
100,2,724,lag_ms,1
100,2,725,lag_ms,3
100,2,726,lag_ms,9
100,2,727,lag_ms,4
100,2,728,lag_ms,2
100,2,729,lag_ms,3
100,2,730,lag_ms,3
100,2,731,lag_ms,5
100,2,732,lag_ms,2
100,2,733,lag_ms,3
100,2,734,lag_ms,2
100,2,735,lag_ms,2
100,2,736,lag_ms,2
100,2,737,lag_ms,2
100,2,738,lag_ms,0
100,2,739,lag_ms,2
100,2,740,lag_ms,0
100,2,741,lag_ms,5
100,2,742,lag_ms,1
100,2,743,lag_ms,3
100,2,744,lag_ms,7
100,2,745,lag_ms,1
100,2,746,lag_ms,2
100,2,747,lag_ms,0
100,2,748,lag_ms,1
100,2,749,lag_ms,1
100,2,750,lag_ms,6
100,2,751,lag_ms,2
100,2,752,lag_ms,4
100,2,753,lag_ms,2
100,2,754,lag_ms,1
100,2,755,lag_ms,2
100,2,756,lag_ms,2
100,2,757,lag_ms,3
100,2,758,lag_ms,3
100,2,759,lag_ms,11
100,2,760,lag_ms,2
100,2,761,lag_ms,2
100,2,762,lag_ms,2
100,2,763,lag_ms,2
100,2,764,lag_ms,4
100,2,765,lag_ms,2
100,2,766,lag_ms,4
100,2,767,lag_ms,4
100,2,768,lag_ms,3
100,2,769,lag_ms,2
100,2,770,lag_ms,3
100,2,771,lag_ms,2
100,2,772,lag_ms,1
100,2,773,lag_ms,2
100,2,774,lag_ms,2
100,2,775,lag_ms,1
100,2,776,lag_ms,6
100,2,777,lag_ms,13
100,2,778,lag_ms,0
100,2,779,lag_ms,0
100,2,780,lag_ms,2
100,2,781,lag_ms,3
100,2,782,lag_ms,3
100,2,783,lag_ms,4
100,2,784,lag_ms,2
100,2,785,lag_ms,2
100,2,786,lag_ms,1
100,2,787,lag_ms,5
100,2,788,lag_ms,2
100,2,789,lag_ms,1
100,2,790,lag_ms,2
100,2,791,lag_ms,7
100,2,792,lag_ms,1
100,2,793,lag_ms,2
100,2,794,lag_ms,1
100,2,795,lag_ms,2
100,2,796,lag_ms,2
100,2,797,lag_ms,2
100,2,798,lag_ms,1
100,2,799,lag_ms,2
100,2,800,lag_ms,1
100,2,801,lag_ms,0
100,2,802,lag_ms,1
100,2,803,lag_ms,0
100,2,804,lag_ms,1
100,2,805,lag_ms,2
100,2,806,lag_ms,2
100,2,807,lag_ms,1
100,2,808,lag_ms,1
100,2,809,lag_ms,2
100,2,810,lag_ms,2
100,2,811,lag_ms,1
100,2,812,lag_ms,1
100,2,813,lag_ms,4
100,2,814,lag_ms,1
100,2,815,lag_ms,3
100,2,816,lag_ms,0
100,2,817,lag_ms,4
100,2,818,lag_ms,2
100,2,819,lag_ms,8
100,2,820,lag_ms,6
100,2,821,lag_ms,4
100,2,822,lag_ms,2
100,2,823,lag_ms,2
100,2,824,lag_ms,2
100,2,825,lag_ms,0
100,2,826,lag_ms,3
100,2,827,lag_ms,3
100,2,828,lag_ms,3
100,2,829,lag_ms,3
100,2,830,lag_ms,3
100,2,831,lag_ms,19
100,2,832,lag_ms,3
100,2,833,lag_ms,2
100,2,834,lag_ms,11
100,2,835,lag_ms,4
100,2,836,lag_ms,3
100,2,837,lag_ms,4
100,2,838,lag_ms,2
100,2,839,lag_ms,2
100,2,840,lag_ms,3
100,2,841,lag_ms,3
100,2,842,lag_ms,5
100,2,843,lag_ms,1
100,2,844,lag_ms,0
100,2,845,lag_ms,1
100,2,846,lag_ms,2
100,2,847,lag_ms,1
100,2,848,lag_ms,2
100,2,849,lag_ms,4
100,2,850,lag_ms,3
100,2,851,lag_ms,1
100,2,852,lag_ms,1
100,2,853,lag_ms,0
100,2,854,lag_ms,0
100,2,855,lag_ms,4
100,2,856,lag_ms,5
100,2,857,lag_ms,3
100,2,858,lag_ms,2
100,2,859,lag_ms,2
100,2,860,lag_ms,17
100,2,861,lag_ms,0
100,2,862,lag_ms,4
100,2,863,lag_ms,1
100,2,864,lag_ms,2
100,2,865,lag_ms,1
100,2,866,lag_ms,2
100,2,867,lag_ms,2
100,2,868,lag_ms,4
100,2,869,lag_ms,1
100,2,870,lag_ms,3
100,2,871,lag_ms,1
100,2,872,lag_ms,3
100,2,873,lag_ms,1
100,2,874,lag_ms,0
100,2,875,lag_ms,1
100,2,876,lag_ms,2
100,2,877,lag_ms,3
100,2,878,lag_ms,0
100,2,879,lag_ms,7
100,2,880,lag_ms,1
100,2,881,lag_ms,3
100,2,882,lag_ms,2
100,2,883,lag_ms,3
100,2,884,lag_ms,3
100,2,885,lag_ms,1
100,2,886,lag_ms,1
100,2,887,lag_ms,2
100,2,888,lag_ms,2
100,2,889,lag_ms,3
100,2,890,lag_ms,1
100,2,891,lag_ms,2
100,2,892,lag_ms,3
100,2,893,lag_ms,1
100,2,894,lag_ms,1
100,2,895,lag_ms,1
100,2,896,lag_ms,29
100,2,897,lag_ms,1
100,2,898,lag_ms,3
100,2,899,lag_ms,4
100,2,900,lag_ms,2
100,2,901,lag_ms,5
100,2,902,lag_ms,2
100,2,903,lag_ms,3
100,2,904,lag_ms,2
100,2,905,lag_ms,4
100,2,906,lag_ms,0
100,2,907,lag_ms,1
100,2,908,lag_ms,3
100,2,909,lag_ms,2
100,2,910,lag_ms,6
100,2,911,lag_ms,2
100,2,912,lag_ms,2
100,2,913,lag_ms,2
100,2,914,lag_ms,0
100,2,915,lag_ms,2
100,2,916,lag_ms,2
100,2,917,lag_ms,2
100,2,918,lag_ms,3
100,2,919,lag_ms,2
100,2,920,lag_ms,2
100,2,921,lag_ms,2
100,2,922,lag_ms,5
100,2,923,lag_ms,2
100,2,924,lag_ms,2
100,2,925,lag_ms,2
100,2,926,lag_ms,1
100,2,927,lag_ms,2
100,2,928,lag_ms,2
100,2,929,lag_ms,0
100,2,930,lag_ms,7
100,2,931,lag_ms,3
100,2,932,lag_ms,3
100,2,933,lag_ms,6
100,2,934,lag_ms,6
100,2,935,lag_ms,5
100,2,936,lag_ms,7
100,2,937,lag_ms,3
100,2,938,lag_ms,3
100,2,939,lag_ms,2
100,2,940,lag_ms,1
100,2,941,lag_ms,2
100,2,942,lag_ms,1
100,2,943,lag_ms,0
100,2,944,lag_ms,1
100,2,945,lag_ms,2
100,2,946,lag_ms,0
100,2,947,lag_ms,2
100,2,948,lag_ms,1
100,2,949,lag_ms,1
100,2,950,lag_ms,1
100,2,951,lag_ms,2
100,2,952,lag_ms,2
100,2,953,lag_ms,2
100,2,954,lag_ms,2
100,2,955,lag_ms,1
100,2,956,lag_ms,1
100,2,957,lag_ms,2
100,2,958,lag_ms,1
100,2,959,lag_ms,2
100,2,960,lag_ms,0
100,2,961,lag_ms,6
100,2,962,lag_ms,0
100,2,963,lag_ms,0
100,2,964,lag_ms,0
100,2,965,lag_ms,1
100,2,966,lag_ms,2
100,2,967,lag_ms,1
100,2,968,lag_ms,3
100,2,969,lag_ms,2
100,2,970,lag_ms,2
100,2,971,lag_ms,2
100,2,972,lag_ms,2
100,2,973,lag_ms,1
100,2,974,lag_ms,1
100,2,975,lag_ms,2
100,2,976,lag_ms,8
100,2,977,lag_ms,1
100,2,978,lag_ms,5
100,2,979,lag_ms,0
100,2,980,lag_ms,1
100,2,981,lag_ms,6
100,2,982,lag_ms,1
100,2,983,lag_ms,0
100,2,984,lag_ms,1
100,2,985,lag_ms,1
100,2,986,lag_ms,3
100,2,987,lag_ms,2
100,2,988,lag_ms,1
100,2,989,lag_ms,2
100,2,990,lag_ms,0
100,2,991,lag_ms,1
100,2,992,lag_ms,1
100,2,993,lag_ms,1
100,2,994,lag_ms,0
100,2,995,lag_ms,1
100,2,996,lag_ms,2
100,2,997,lag_ms,1
100,2,998,lag_ms,3
100,2,999,lag_ms,2
100,2,1000,total_ms,120404
300,2,0,lag_ms,0
300,2,1,lag_ms,0
300,2,2,lag_ms,3
300,2,3,lag_ms,0
300,2,4,lag_ms,4
300,2,5,lag_ms,11
300,2,6,lag_ms,3
300,2,7,lag_ms,3
300,2,8,lag_ms,0
300,2,9,lag_ms,1
300,2,10,lag_ms,1
300,2,11,lag_ms,2
300,2,12,lag_ms,3
300,2,13,lag_ms,0
300,2,14,lag_ms,2
300,2,15,lag_ms,3
300,2,16,lag_ms,1
300,2,17,lag_ms,1
300,2,18,lag_ms,4
300,2,19,lag_ms,2
300,2,20,lag_ms,1
300,2,21,lag_ms,0
300,2,22,lag_ms,2
300,2,23,lag_ms,2
300,2,24,lag_ms,2
300,2,25,lag_ms,0
300,2,26,lag_ms,1
300,2,27,lag_ms,1
300,2,28,lag_ms,0
300,2,29,lag_ms,0
300,2,30,lag_ms,6
300,2,31,lag_ms,43
300,2,32,lag_ms,0
300,2,33,lag_ms,2
300,2,34,lag_ms,1
300,2,35,lag_ms,7
300,2,36,lag_ms,2
300,2,37,lag_ms,12
300,2,38,lag_ms,2
300,2,39,lag_ms,2
300,2,40,lag_ms,2
300,2,41,lag_ms,2
300,2,42,lag_ms,0
300,2,43,lag_ms,4
300,2,44,lag_ms,4
300,2,45,lag_ms,3
300,2,46,lag_ms,6
300,2,47,lag_ms,3
300,2,48,lag_ms,5
300,2,49,lag_ms,5
300,2,50,lag_ms,0
300,2,51,lag_ms,1
300,2,52,lag_ms,1
300,2,53,lag_ms,14
300,2,54,lag_ms,1
300,2,55,lag_ms,1
300,2,56,lag_ms,1
300,2,57,lag_ms,1
300,2,58,lag_ms,3
300,2,59,lag_ms,1
300,2,60,lag_ms,4
300,2,61,lag_ms,4
300,2,62,lag_ms,12
300,2,63,lag_ms,2
300,2,64,lag_ms,1
300,2,65,lag_ms,2
300,2,66,lag_ms,4
300,2,67,lag_ms,3
300,2,68,lag_ms,53
300,2,69,lag_ms,2
300,2,70,lag_ms,0
300,2,71,lag_ms,0
300,2,72,lag_ms,0
300,2,73,lag_ms,2
300,2,74,lag_ms,1
300,2,75,lag_ms,2
300,2,76,lag_ms,19
300,2,77,lag_ms,2
300,2,78,lag_ms,1
300,2,79,lag_ms,0
300,2,80,lag_ms,2
300,2,81,lag_ms,9
300,2,82,lag_ms,3
300,2,83,lag_ms,2
300,2,84,lag_ms,227
300,2,85,lag_ms,13
300,2,86,lag_ms,1
300,2,87,lag_ms,3
300,2,88,lag_ms,6
300,2,89,lag_ms,1
300,2,90,lag_ms,3
300,2,91,lag_ms,16
300,2,92,lag_ms,10
300,2,93,lag_ms,2
300,2,94,lag_ms,2
300,2,95,lag_ms,1
300,2,96,lag_ms,6
300,2,97,lag_ms,1
300,2,98,lag_ms,2
300,2,99,lag_ms,2
300,2,100,lag_ms,0
300,2,101,lag_ms,1
300,2,102,lag_ms,0
300,2,103,lag_ms,0
300,2,104,lag_ms,1
300,2,105,lag_ms,2
300,2,106,lag_ms,2
300,2,107,lag_ms,1
300,2,108,lag_ms,1
300,2,109,lag_ms,0
300,2,110,lag_ms,2
300,2,111,lag_ms,1
300,2,112,lag_ms,1
300,2,113,lag_ms,0
300,2,114,lag_ms,2
300,2,115,lag_ms,5
300,2,116,lag_ms,1
300,2,117,lag_ms,0
300,2,118,lag_ms,2
300,2,119,lag_ms,1
300,2,120,lag_ms,3
300,2,121,lag_ms,1
300,2,122,lag_ms,4
300,2,123,lag_ms,7
300,2,124,lag_ms,2
300,2,125,lag_ms,6
300,2,126,lag_ms,113
300,2,127,lag_ms,0
300,2,128,lag_ms,3
300,2,129,lag_ms,1
300,2,130,lag_ms,1
300,2,131,lag_ms,2
300,2,132,lag_ms,1
300,2,133,lag_ms,2
300,2,134,lag_ms,1
300,2,135,lag_ms,2
300,2,136,lag_ms,1
300,2,137,lag_ms,1
300,2,138,lag_ms,2
300,2,139,lag_ms,0
300,2,140,lag_ms,2
300,2,141,lag_ms,6
300,2,142,lag_ms,2
300,2,143,lag_ms,0
300,2,144,lag_ms,16
300,2,145,lag_ms,1
300,2,146,lag_ms,4
300,2,147,lag_ms,1
300,2,148,lag_ms,1
300,2,149,lag_ms,4
300,2,150,lag_ms,3
300,2,151,lag_ms,0
300,2,152,lag_ms,13
300,2,153,lag_ms,1
300,2,154,lag_ms,2
300,2,155,lag_ms,1
300,2,156,lag_ms,3
300,2,157,lag_ms,1
300,2,158,lag_ms,3
300,2,159,lag_ms,3
300,2,160,lag_ms,3
300,2,161,lag_ms,6
300,2,162,lag_ms,7
300,2,163,lag_ms,2
300,2,164,lag_ms,4
300,2,165,lag_ms,1
300,2,166,lag_ms,1
300,2,167,lag_ms,3
300,2,168,lag_ms,3
300,2,169,lag_ms,0
300,2,170,lag_ms,1
300,2,171,lag_ms,0
300,2,172,lag_ms,1
300,2,173,lag_ms,2
300,2,174,lag_ms,0
300,2,175,lag_ms,0
300,2,176,lag_ms,2
300,2,177,lag_ms,3
300,2,178,lag_ms,1
300,2,179,lag_ms,1
300,2,180,lag_ms,3
300,2,181,lag_ms,0
300,2,182,lag_ms,54
300,2,183,lag_ms,0
300,2,184,lag_ms,0
300,2,185,lag_ms,3
300,2,186,lag_ms,1
300,2,187,lag_ms,1
300,2,188,lag_ms,1
300,2,189,lag_ms,2
300,2,190,lag_ms,2
300,2,191,lag_ms,0
300,2,192,lag_ms,1
300,2,193,lag_ms,1
300,2,194,lag_ms,1
300,2,195,lag_ms,1
300,2,196,lag_ms,2
300,2,197,lag_ms,5
300,2,198,lag_ms,3
300,2,199,lag_ms,1
300,2,200,lag_ms,0
300,2,201,lag_ms,0
300,2,202,lag_ms,0
300,2,203,lag_ms,1
300,2,204,lag_ms,2
300,2,205,lag_ms,3
300,2,206,lag_ms,2
300,2,207,lag_ms,0
300,2,208,lag_ms,6
300,2,209,lag_ms,1
300,2,210,lag_ms,1
300,2,211,lag_ms,2
300,2,212,lag_ms,1
300,2,213,lag_ms,4
300,2,214,lag_ms,2
300,2,215,lag_ms,0
300,2,216,lag_ms,1
300,2,217,lag_ms,0
300,2,218,lag_ms,1
300,2,219,lag_ms,1
300,2,220,lag_ms,0
300,2,221,lag_ms,1
300,2,222,lag_ms,1
300,2,223,lag_ms,1
300,2,224,lag_ms,1
300,2,225,lag_ms,2
300,2,226,lag_ms,1
300,2,227,lag_ms,1
300,2,228,lag_ms,0
300,2,229,lag_ms,0
300,2,230,lag_ms,1
300,2,231,lag_ms,1
300,2,232,lag_ms,2
300,2,233,lag_ms,1
300,2,234,lag_ms,3
300,2,235,lag_ms,3
300,2,236,lag_ms,3
300,2,237,lag_ms,0
300,2,238,lag_ms,3
300,2,239,lag_ms,1
300,2,240,lag_ms,2
300,2,241,lag_ms,1
300,2,242,lag_ms,7
300,2,243,lag_ms,1
300,2,244,lag_ms,15
300,2,245,lag_ms,8
300,2,246,lag_ms,0
300,2,247,lag_ms,1
300,2,248,lag_ms,6
300,2,249,lag_ms,24
300,2,250,lag_ms,46
300,2,251,lag_ms,24
300,2,252,lag_ms,24
300,2,253,lag_ms,24
300,2,254,lag_ms,862
300,2,255,lag_ms,74
300,2,256,lag_ms,9
300,2,257,lag_ms,42
300,2,258,lag_ms,57
300,2,259,lag_ms,26
300,2,260,lag_ms,45
300,2,261,lag_ms,14
300,2,262,lag_ms,16
300,2,263,lag_ms,2
300,2,264,lag_ms,94
300,2,265,lag_ms,3
300,2,266,lag_ms,3
300,2,267,lag_ms,2
300,2,268,lag_ms,2
300,2,269,lag_ms,1
300,2,270,lag_ms,1
300,2,271,lag_ms,2
300,2,272,lag_ms,1
300,2,273,lag_ms,0
300,2,274,lag_ms,1
300,2,275,lag_ms,1
300,2,276,lag_ms,1
300,2,277,lag_ms,1
300,2,278,lag_ms,0
300,2,279,lag_ms,3
300,2,280,lag_ms,0
300,2,281,lag_ms,0
300,2,282,lag_ms,2
300,2,283,lag_ms,0
300,2,284,lag_ms,1
300,2,285,lag_ms,0
300,2,286,lag_ms,0
300,2,287,lag_ms,0
300,2,288,lag_ms,2
300,2,289,lag_ms,0
300,2,290,lag_ms,1
300,2,291,lag_ms,0
300,2,292,lag_ms,0
300,2,293,lag_ms,12
300,2,294,lag_ms,0
300,2,295,lag_ms,2
300,2,296,lag_ms,1
300,2,297,lag_ms,1
300,2,298,lag_ms,0
300,2,299,lag_ms,1
300,2,300,lag_ms,1
300,2,301,lag_ms,2
300,2,302,lag_ms,1
300,2,303,lag_ms,2
300,2,304,lag_ms,1
300,2,305,lag_ms,2
300,2,306,lag_ms,1
300,2,307,lag_ms,1
300,2,308,lag_ms,1
300,2,309,lag_ms,1
300,2,310,lag_ms,2
300,2,311,lag_ms,0
300,2,312,lag_ms,0
300,2,313,lag_ms,1
300,2,314,lag_ms,3
300,2,315,lag_ms,1
300,2,316,lag_ms,2
300,2,317,lag_ms,0
300,2,318,lag_ms,1
300,2,319,lag_ms,3
300,2,320,lag_ms,3
300,2,321,lag_ms,5
300,2,322,lag_ms,3
300,2,323,lag_ms,1
300,2,324,lag_ms,0
300,2,325,lag_ms,1
300,2,326,lag_ms,1
300,2,327,lag_ms,0
300,2,328,lag_ms,2
300,2,329,lag_ms,2
300,2,330,lag_ms,9
300,2,331,lag_ms,11
300,2,332,lag_ms,8
300,2,333,lag_ms,5
300,2,334,lag_ms,5
300,2,335,lag_ms,2
300,2,336,lag_ms,0
300,2,337,lag_ms,6
300,2,338,lag_ms,0
300,2,339,lag_ms,3
300,2,340,lag_ms,12
300,2,341,lag_ms,3
300,2,342,lag_ms,5
300,2,343,lag_ms,8
300,2,344,lag_ms,10
300,2,345,lag_ms,3
300,2,346,lag_ms,5
300,2,347,lag_ms,8
300,2,348,lag_ms,3
300,2,349,lag_ms,4
300,2,350,lag_ms,1
300,2,351,lag_ms,3
300,2,352,lag_ms,6
300,2,353,lag_ms,3
300,2,354,lag_ms,1
300,2,355,lag_ms,4
300,2,356,lag_ms,3
300,2,357,lag_ms,4
300,2,358,lag_ms,2
300,2,359,lag_ms,2
300,2,360,lag_ms,6
300,2,361,lag_ms,0
300,2,362,lag_ms,6
300,2,363,lag_ms,1
300,2,364,lag_ms,5
300,2,365,lag_ms,2
300,2,366,lag_ms,0
300,2,367,lag_ms,8
300,2,368,lag_ms,0
300,2,369,lag_ms,0
300,2,370,lag_ms,0
300,2,371,lag_ms,1
300,2,372,lag_ms,3
300,2,373,lag_ms,2
300,2,374,lag_ms,3
300,2,375,lag_ms,9
300,2,376,lag_ms,1
300,2,377,lag_ms,0
300,2,378,lag_ms,0
300,2,379,lag_ms,1
300,2,380,lag_ms,1
300,2,381,lag_ms,3
300,2,382,lag_ms,10
300,2,383,lag_ms,9
300,2,384,lag_ms,39
300,2,385,lag_ms,10
300,2,386,lag_ms,3
300,2,387,lag_ms,0
300,2,388,lag_ms,7
300,2,389,lag_ms,3
300,2,390,lag_ms,0
300,2,391,lag_ms,2
300,2,392,lag_ms,0
300,2,393,lag_ms,0
300,2,394,lag_ms,11
300,2,395,lag_ms,3
300,2,396,lag_ms,0
300,2,397,lag_ms,3
300,2,398,lag_ms,6
300,2,399,lag_ms,0
300,2,400,lag_ms,7
300,2,401,lag_ms,1
300,2,402,lag_ms,6
300,2,403,lag_ms,2
300,2,404,lag_ms,1
300,2,405,lag_ms,0
300,2,406,lag_ms,2
300,2,407,lag_ms,4
300,2,408,lag_ms,4
300,2,409,lag_ms,0
300,2,410,lag_ms,5
300,2,411,lag_ms,4
300,2,412,lag_ms,2
300,2,413,lag_ms,3
300,2,414,lag_ms,18
300,2,415,lag_ms,12
300,2,416,lag_ms,5
300,2,417,lag_ms,6
300,2,418,lag_ms,3
300,2,419,lag_ms,2
300,2,420,lag_ms,7
300,2,421,lag_ms,1
300,2,422,lag_ms,7
300,2,423,lag_ms,4
300,2,424,lag_ms,3
300,2,425,lag_ms,5
300,2,426,lag_ms,1
300,2,427,lag_ms,17
300,2,428,lag_ms,3
300,2,429,lag_ms,2
300,2,430,lag_ms,2
300,2,431,lag_ms,0
300,2,432,lag_ms,1
300,2,433,lag_ms,19
300,2,434,lag_ms,3
300,2,435,lag_ms,3
300,2,436,lag_ms,0
300,2,437,lag_ms,3
300,2,438,lag_ms,2
300,2,439,lag_ms,3
300,2,440,lag_ms,2
300,2,441,lag_ms,5
300,2,442,lag_ms,2
300,2,443,lag_ms,2
300,2,444,lag_ms,4
300,2,445,lag_ms,5
300,2,446,lag_ms,46
300,2,447,lag_ms,3
300,2,448,lag_ms,0
300,2,449,lag_ms,0
300,2,450,lag_ms,4
300,2,451,lag_ms,2
300,2,452,lag_ms,1
300,2,453,lag_ms,4
300,2,454,lag_ms,3
300,2,455,lag_ms,1
300,2,456,lag_ms,4
300,2,457,lag_ms,4
300,2,458,lag_ms,3
300,2,459,lag_ms,7
300,2,460,lag_ms,5
300,2,461,lag_ms,2
300,2,462,lag_ms,6
300,2,463,lag_ms,13
300,2,464,lag_ms,1
300,2,465,lag_ms,1
300,2,466,lag_ms,1
300,2,467,lag_ms,2
300,2,468,lag_ms,2
300,2,469,lag_ms,1
300,2,470,lag_ms,2
300,2,471,lag_ms,1
300,2,472,lag_ms,2
300,2,473,lag_ms,3
300,2,474,lag_ms,4
300,2,475,lag_ms,1
300,2,476,lag_ms,2
300,2,477,lag_ms,6
300,2,478,lag_ms,2
300,2,479,lag_ms,0
300,2,480,lag_ms,2
300,2,481,lag_ms,3
300,2,482,lag_ms,2
300,2,483,lag_ms,3
300,2,484,lag_ms,2
300,2,485,lag_ms,1
300,2,486,lag_ms,0
300,2,487,lag_ms,3
300,2,488,lag_ms,1
300,2,489,lag_ms,2
300,2,490,lag_ms,1
300,2,491,lag_ms,1
300,2,492,lag_ms,0
300,2,493,lag_ms,2
300,2,494,lag_ms,0
300,2,495,lag_ms,8
300,2,496,lag_ms,20
300,2,497,lag_ms,7
300,2,498,lag_ms,33
300,2,499,lag_ms,3
300,2,500,lag_ms,1
300,2,501,lag_ms,3
300,2,502,lag_ms,3
300,2,503,lag_ms,2
300,2,504,lag_ms,7
300,2,505,lag_ms,1
300,2,506,lag_ms,3
300,2,507,lag_ms,59
300,2,508,lag_ms,0
300,2,509,lag_ms,4
300,2,510,lag_ms,0
300,2,511,lag_ms,0
300,2,512,lag_ms,2
300,2,513,lag_ms,4
300,2,514,lag_ms,75
300,2,515,lag_ms,0
300,2,516,lag_ms,1
300,2,517,lag_ms,2
300,2,518,lag_ms,3
300,2,519,lag_ms,1
300,2,520,lag_ms,1
300,2,521,lag_ms,1
300,2,522,lag_ms,1
300,2,523,lag_ms,0
300,2,524,lag_ms,1
300,2,525,lag_ms,5
300,2,526,lag_ms,0
300,2,527,lag_ms,2
300,2,528,lag_ms,0
300,2,529,lag_ms,1
300,2,530,lag_ms,3
300,2,531,lag_ms,2
300,2,532,lag_ms,0
300,2,533,lag_ms,6
300,2,534,lag_ms,3
300,2,535,lag_ms,3
300,2,536,lag_ms,6
300,2,537,lag_ms,3
300,2,538,lag_ms,3
300,2,539,lag_ms,10
300,2,540,lag_ms,3
300,2,541,lag_ms,5
300,2,542,lag_ms,1
300,2,543,lag_ms,3
300,2,544,lag_ms,6
300,2,545,lag_ms,5
300,2,546,lag_ms,1
300,2,547,lag_ms,1
300,2,548,lag_ms,9
300,2,549,lag_ms,6
300,2,550,lag_ms,0
300,2,551,lag_ms,1
300,2,552,lag_ms,1
300,2,553,lag_ms,0
300,2,554,lag_ms,1
300,2,555,lag_ms,2
300,2,556,lag_ms,4
300,2,557,lag_ms,4
300,2,558,lag_ms,2
300,2,559,lag_ms,1
300,2,560,lag_ms,3
300,2,561,lag_ms,7
300,2,562,lag_ms,3
300,2,563,lag_ms,4
300,2,564,lag_ms,1
300,2,565,lag_ms,0
300,2,566,lag_ms,1
300,2,567,lag_ms,2
300,2,568,lag_ms,18
300,2,569,lag_ms,3
300,2,570,lag_ms,1
300,2,571,lag_ms,1
300,2,572,lag_ms,3
300,2,573,lag_ms,4
300,2,574,lag_ms,2
300,2,575,lag_ms,0
300,2,576,lag_ms,3
300,2,577,lag_ms,4
300,2,578,lag_ms,4
300,2,579,lag_ms,48
300,2,580,lag_ms,6
300,2,581,lag_ms,0
300,2,582,lag_ms,0
300,2,583,lag_ms,1
300,2,584,lag_ms,2
300,2,585,lag_ms,4
300,2,586,lag_ms,1
300,2,587,lag_ms,3
300,2,588,lag_ms,1
300,2,589,lag_ms,8
300,2,590,lag_ms,2
300,2,591,lag_ms,4
300,2,592,lag_ms,2
300,2,593,lag_ms,5
300,2,594,lag_ms,1
300,2,595,lag_ms,3
300,2,596,lag_ms,2
300,2,597,lag_ms,0
300,2,598,lag_ms,6
300,2,599,lag_ms,1
300,2,600,lag_ms,8
300,2,601,lag_ms,0
300,2,602,lag_ms,4
300,2,603,lag_ms,3
300,2,604,lag_ms,9
300,2,605,lag_ms,4
300,2,606,lag_ms,4
300,2,607,lag_ms,10
300,2,608,lag_ms,0
300,2,609,lag_ms,4
300,2,610,lag_ms,3
300,2,611,lag_ms,4
300,2,612,lag_ms,2
300,2,613,lag_ms,28
300,2,614,lag_ms,16
300,2,615,lag_ms,3
300,2,616,lag_ms,2
300,2,617,lag_ms,3
300,2,618,lag_ms,5
300,2,619,lag_ms,2
300,2,620,lag_ms,6
300,2,621,lag_ms,3
300,2,622,lag_ms,8
300,2,623,lag_ms,2
300,2,624,lag_ms,2
300,2,625,lag_ms,3
300,2,626,lag_ms,3
300,2,627,lag_ms,2
300,2,628,lag_ms,2
300,2,629,lag_ms,3
300,2,630,lag_ms,4
300,2,631,lag_ms,2
300,2,632,lag_ms,4
300,2,633,lag_ms,3
300,2,634,lag_ms,4
300,2,635,lag_ms,0
300,2,636,lag_ms,14
300,2,637,lag_ms,6
300,2,638,lag_ms,2
300,2,639,lag_ms,2
300,2,640,lag_ms,4
300,2,641,lag_ms,4
300,2,642,lag_ms,3
300,2,643,lag_ms,4
300,2,644,lag_ms,2
300,2,645,lag_ms,4
300,2,646,lag_ms,1
300,2,647,lag_ms,3
300,2,648,lag_ms,0
300,2,649,lag_ms,2
300,2,650,lag_ms,0
300,2,651,lag_ms,3
300,2,652,lag_ms,8
300,2,653,lag_ms,2
300,2,654,lag_ms,2
300,2,655,lag_ms,12
300,2,656,lag_ms,2
300,2,657,lag_ms,3
300,2,658,lag_ms,2
300,2,659,lag_ms,5
300,2,660,lag_ms,7
300,2,661,lag_ms,1
300,2,662,lag_ms,0
300,2,663,lag_ms,0
300,2,664,lag_ms,2
300,2,665,lag_ms,1
300,2,666,lag_ms,2
300,2,667,lag_ms,1
300,2,668,lag_ms,4
300,2,669,lag_ms,0
300,2,670,lag_ms,2
300,2,671,lag_ms,7
300,2,672,lag_ms,2
300,2,673,lag_ms,1
300,2,674,lag_ms,7
300,2,675,lag_ms,3
300,2,676,lag_ms,3
300,2,677,lag_ms,3
300,2,678,lag_ms,3
300,2,679,lag_ms,0
300,2,680,lag_ms,4
300,2,681,lag_ms,1
300,2,682,lag_ms,15
300,2,683,lag_ms,3
300,2,684,lag_ms,1
300,2,685,lag_ms,3
300,2,686,lag_ms,0
300,2,687,lag_ms,1
300,2,688,lag_ms,4
300,2,689,lag_ms,7
300,2,690,lag_ms,3
300,2,691,lag_ms,3
300,2,692,lag_ms,4
300,2,693,lag_ms,1
300,2,694,lag_ms,2
300,2,695,lag_ms,2
300,2,696,lag_ms,3
300,2,697,lag_ms,0
300,2,698,lag_ms,1
300,2,699,lag_ms,3
300,2,700,lag_ms,1
300,2,701,lag_ms,1
300,2,702,lag_ms,1
300,2,703,lag_ms,0
300,2,704,lag_ms,2
300,2,705,lag_ms,3
300,2,706,lag_ms,0
300,2,707,lag_ms,0
300,2,708,lag_ms,1
300,2,709,lag_ms,3
300,2,710,lag_ms,3
300,2,711,lag_ms,1
300,2,712,lag_ms,1
300,2,713,lag_ms,1
300,2,714,lag_ms,1
300,2,715,lag_ms,1
300,2,716,lag_ms,1
300,2,717,lag_ms,1
300,2,718,lag_ms,1
300,2,719,lag_ms,1
300,2,720,lag_ms,1
300,2,721,lag_ms,1
300,2,722,lag_ms,0
300,2,723,lag_ms,1
300,2,724,lag_ms,0
300,2,725,lag_ms,2
300,2,726,lag_ms,1
300,2,727,lag_ms,1
300,2,728,lag_ms,2
300,2,729,lag_ms,1
300,2,730,lag_ms,4
300,2,731,lag_ms,1
300,2,732,lag_ms,0
300,2,733,lag_ms,1
300,2,734,lag_ms,1
300,2,735,lag_ms,2
300,2,736,lag_ms,0
300,2,737,lag_ms,1
300,2,738,lag_ms,4
300,2,739,lag_ms,1
300,2,740,lag_ms,1
300,2,741,lag_ms,0
300,2,742,lag_ms,1
300,2,743,lag_ms,3
300,2,744,lag_ms,7
300,2,745,lag_ms,49
300,2,746,lag_ms,9
300,2,747,lag_ms,5
300,2,748,lag_ms,6
300,2,749,lag_ms,15
300,2,750,lag_ms,1
300,2,751,lag_ms,50
300,2,752,lag_ms,10
300,2,753,lag_ms,20
300,2,754,lag_ms,49
300,2,755,lag_ms,20
300,2,756,lag_ms,108
300,2,757,lag_ms,29
300,2,758,lag_ms,1
300,2,759,lag_ms,28
300,2,760,lag_ms,30
300,2,761,lag_ms,0
300,2,762,lag_ms,0
300,2,763,lag_ms,13
300,2,764,lag_ms,3
300,2,765,lag_ms,18
300,2,766,lag_ms,20
300,2,767,lag_ms,13
300,2,768,lag_ms,114
300,2,769,lag_ms,13
300,2,770,lag_ms,83
300,2,771,lag_ms,21
300,2,772,lag_ms,38
300,2,773,lag_ms,13
300,2,774,lag_ms,210
300,2,775,lag_ms,242
300,2,776,lag_ms,28
300,2,777,lag_ms,16
300,2,778,lag_ms,4
300,2,779,lag_ms,19
300,2,780,lag_ms,9
300,2,781,lag_ms,10
300,2,782,lag_ms,13
300,2,783,lag_ms,56
300,2,784,lag_ms,10
300,2,785,lag_ms,1
300,2,786,lag_ms,9
300,2,787,lag_ms,6
300,2,788,lag_ms,11
300,2,789,lag_ms,21
300,2,790,lag_ms,18
300,2,791,lag_ms,81
300,2,792,lag_ms,68
300,2,793,lag_ms,35
300,2,794,lag_ms,3
300,2,795,lag_ms,12
300,2,796,lag_ms,9
300,2,797,lag_ms,18
300,2,798,lag_ms,13
300,2,799,lag_ms,28
300,2,800,lag_ms,62
300,2,801,lag_ms,19
300,2,802,lag_ms,1
300,2,803,lag_ms,23
300,2,804,lag_ms,13
300,2,805,lag_ms,75
300,2,806,lag_ms,16
300,2,807,lag_ms,27
300,2,808,lag_ms,248
300,2,809,lag_ms,418
300,2,810,lag_ms,424
300,2,811,lag_ms,335
300,2,812,lag_ms,392
300,2,813,lag_ms,654
300,2,814,lag_ms,789
300,2,815,lag_ms,523
300,2,816,lag_ms,262
300,2,817,lag_ms,293
300,2,818,lag_ms,446
300,2,819,lag_ms,474
300,2,820,lag_ms,319
300,2,821,lag_ms,72
300,2,822,lag_ms,92
300,2,823,lag_ms,359
300,2,824,lag_ms,164
300,2,825,lag_ms,65
300,2,826,lag_ms,5
300,2,827,lag_ms,48
300,2,828,lag_ms,47
300,2,829,lag_ms,35
300,2,830,lag_ms,101
300,2,831,lag_ms,71
300,2,832,lag_ms,2
300,2,833,lag_ms,11
300,2,834,lag_ms,15
300,2,835,lag_ms,19
300,2,836,lag_ms,14
300,2,837,lag_ms,4
300,2,838,lag_ms,1
300,2,839,lag_ms,10
300,2,840,lag_ms,41
300,2,841,lag_ms,78
300,2,842,lag_ms,18
300,2,843,lag_ms,7
300,2,844,lag_ms,21
300,2,845,lag_ms,21
300,2,846,lag_ms,2
300,2,847,lag_ms,107
300,2,848,lag_ms,0
300,2,849,lag_ms,11
300,2,850,lag_ms,23
300,2,851,lag_ms,17
300,2,852,lag_ms,17
300,2,853,lag_ms,9
300,2,854,lag_ms,9
300,2,855,lag_ms,25
300,2,856,lag_ms,18
300,2,857,lag_ms,11
300,2,858,lag_ms,10
300,2,859,lag_ms,26
300,2,860,lag_ms,15
300,2,861,lag_ms,61
300,2,862,lag_ms,18
300,2,863,lag_ms,57
300,2,864,lag_ms,7
300,2,865,lag_ms,2
300,2,866,lag_ms,51
300,2,867,lag_ms,11
300,2,868,lag_ms,17
300,2,869,lag_ms,0
300,2,870,lag_ms,70
300,2,871,lag_ms,8
300,2,872,lag_ms,7
300,2,873,lag_ms,5
300,2,874,lag_ms,24
300,2,875,lag_ms,3
300,2,876,lag_ms,2
300,2,877,lag_ms,19
300,2,878,lag_ms,46
300,2,879,lag_ms,3
300,2,880,lag_ms,1
300,2,881,lag_ms,2
300,2,882,lag_ms,1
300,2,883,lag_ms,2
300,2,884,lag_ms,2
300,2,885,lag_ms,2
300,2,886,lag_ms,2
300,2,887,lag_ms,0
300,2,888,lag_ms,2
300,2,889,lag_ms,1
300,2,890,lag_ms,1
300,2,891,lag_ms,3
300,2,892,lag_ms,1
300,2,893,lag_ms,1
300,2,894,lag_ms,0
300,2,895,lag_ms,2
300,2,896,lag_ms,3
300,2,897,lag_ms,1
300,2,898,lag_ms,2
300,2,899,lag_ms,0
300,2,900,lag_ms,0
300,2,901,lag_ms,1
300,2,902,lag_ms,4
300,2,903,lag_ms,1
300,2,904,lag_ms,1
300,2,905,lag_ms,1
300,2,906,lag_ms,1
300,2,907,lag_ms,1
300,2,908,lag_ms,0
300,2,909,lag_ms,1
300,2,910,lag_ms,0
300,2,911,lag_ms,3
300,2,912,lag_ms,0
300,2,913,lag_ms,1
300,2,914,lag_ms,2
300,2,915,lag_ms,3
300,2,916,lag_ms,1
300,2,917,lag_ms,0
300,2,918,lag_ms,3
300,2,919,lag_ms,2
300,2,920,lag_ms,1
300,2,921,lag_ms,1
300,2,922,lag_ms,0
300,2,923,lag_ms,3
300,2,924,lag_ms,0
300,2,925,lag_ms,0
300,2,926,lag_ms,2
300,2,927,lag_ms,1
300,2,928,lag_ms,2
300,2,929,lag_ms,5
300,2,930,lag_ms,1
300,2,931,lag_ms,3
300,2,932,lag_ms,1
300,2,933,lag_ms,1
300,2,934,lag_ms,0
300,2,935,lag_ms,3
300,2,936,lag_ms,1
300,2,937,lag_ms,0
300,2,938,lag_ms,4
300,2,939,lag_ms,3
300,2,940,lag_ms,0
300,2,941,lag_ms,0
300,2,942,lag_ms,4
300,2,943,lag_ms,5
300,2,944,lag_ms,0
300,2,945,lag_ms,3
300,2,946,lag_ms,47
300,2,947,lag_ms,6
300,2,948,lag_ms,32
300,2,949,lag_ms,27
300,2,950,lag_ms,4
300,2,951,lag_ms,3
300,2,952,lag_ms,14
300,2,953,lag_ms,17
300,2,954,lag_ms,1
300,2,955,lag_ms,72
300,2,956,lag_ms,10
300,2,957,lag_ms,1
300,2,958,lag_ms,7
300,2,959,lag_ms,7
300,2,960,lag_ms,11
300,2,961,lag_ms,1
300,2,962,lag_ms,0
300,2,963,lag_ms,26
300,2,964,lag_ms,26
300,2,965,lag_ms,1
300,2,966,lag_ms,6
300,2,967,lag_ms,1
300,2,968,lag_ms,1
300,2,969,lag_ms,2
300,2,970,lag_ms,3
300,2,971,lag_ms,1
300,2,972,lag_ms,0
300,2,973,lag_ms,0
300,2,974,lag_ms,1
300,2,975,lag_ms,0
300,2,976,lag_ms,0
300,2,977,lag_ms,1
300,2,978,lag_ms,0
300,2,979,lag_ms,0
300,2,980,lag_ms,1
300,2,981,lag_ms,1
300,2,982,lag_ms,0
300,2,983,lag_ms,1
300,2,984,lag_ms,4
300,2,985,lag_ms,1
300,2,986,lag_ms,0
300,2,987,lag_ms,1
300,2,988,lag_ms,1
300,2,989,lag_ms,2
300,2,990,lag_ms,1
300,2,991,lag_ms,0
300,2,992,lag_ms,0
300,2,993,lag_ms,1
300,2,994,lag_ms,2
300,2,995,lag_ms,1
300,2,996,lag_ms,1
300,2,997,lag_ms,2
300,2,998,lag_ms,1
300,2,999,lag_ms,2
300,2,1000,total_ms,340761
